lang	rank	quality	page_id	title
ar	1	100.0	1353	دمشق
ar	2	100.0	1369	اليمن
ar	3	100.0	1413	طالبان
ar	4	100.0	1523	ألبرت أينشتاين
ar	5	100.0	1539	المريخ
ar	6	100.0	1613	الكويت
ar	7	100.0	1656	المسيحية
ar	8	100.0	2285	كيمياء
ar	9	100.0	2295	ونستون تشرشل
ar	10	100.0	2470	عثمان بن عفان
ar	11	100.0	2506	الدولة العثمانية
ar	12	100.0	2633	الشمس
ar	13	100.0	2650	الدولة البويهية
ar	14	100.0	2826	جمال عبد الناصر
ar	15	100.0	2916	الهند
ar	16	100.0	3363	نيلسون مانديلا
ar	17	100.0	3572	القدس
ar	18	100.0	3610	حديد
ar	19	100.0	3687	موحدون دروز
ar	20	100.0	5488	الإسلام
ar	21	100.0	6270	أكسجين
ar	22	100.0	6578	أذربيجان
ar	23	100.0	6616	البرازيل
ar	24	100.0	6624	المكسيك
ar	25	100.0	6942	سيمون بوليفار
ar	26	100.0	7281	المحقق كونان
ar	27	100.0	7500	فيروس
ar	28	100.0	7841	بكين
ar	29	100.0	9675	بروتستانتية
ar	30	100.0	10020	مراد الثاني
ar	31	100.0	10068	نهر النيل
ar	32	100.0	10229	الإسكندر الأكبر
ar	33	100.0	10283	بلوتو
ar	34	100.0	10770	سليمان القانوني
ar	35	100.0	10834	محمد علي باشا
ar	36	100.0	11804	لوكهيد مارتن إف-35 لايتنينغ الثانية
ar	37	100.0	11838	النادي الأهلي (مصر)
ar	38	100.0	12328	تويوتا
ar	39	100.0	15268	غابرييل غارثيا ماركيث
ar	40	100.0	16228	جورج أورويل
ar	41	100.0	16236	نور الدين جهانكير
ar	42	100.0	16453	قلب
ar	43	100.0	17027	بعلبك
ar	44	100.0	18117	الدولة المرابطية
ar	45	100.0	19909	الجامعة الأردنية
ar	46	100.0	20739	أبو جعفر المنصور
ar	47	100.0	22268	أبجدية عربية
ar	48	100.0	25256	المسجد الحرام
ar	49	100.0	29003	العصور الوسطى
ar	50	100.0	29578	ببر
az	1	100.0	1150	Bakı
az	2	100.0	1932	Səfəvilər
az	3	100.0	6060	Xocalı soyqırımı
az	4	100.0	7163	Makedoniyalı İsgəndər
az	5	100.0	7408	Karl Marks
az	6	100.0	8490	Ay
az	7	100.0	8492	Mars
az	8	100.0	8493	Yupiter (planet)
az	9	100.0	8583	Uran (planet)
az	10	100.0	12733	Ateizm
az	11	100.0	14215	Qarabağ xanlığı
az	12	100.0	14263	İrəvan xanlığı
az	13	100.0	14531	Fikrət Əmirov
az	14	100.0	45395	Hunlar
az	15	100.0	46785	Nikola Tesla
az	16	100.0	49915	Milad
az	17	100.0	54329	Frans Kafka
az	18	100.0	62406	Leyli və Məcnun (Nizami)
az	19	100.0	66761	Əlincə qalası
az	20	100.0	72822	Azərbaycan mədəniyyəti
az	21	100.0	83059	Teymurilər dövləti
az	22	100.0	90430	I Təhmasib
az	23	100.0	155726	İlham Əliyev
az	24	100.0	190099	Britaniya imperiyası
az	25	100.0	211502	"""Şöhrət"" ordeni ilə təltif edilənlərin siyahısı"
az	26	100.0	245307	Azərbaycan 2012 Yay Olimpiya Oyunlarında
az	27	100.0	263436	Molotov-Ribbentrop paktı
az	28	100.0	280383	Everest
az	29	100.0	284269	İqlim dəyişikliyi
az	30	100.0	291983	Şeytan
az	31	100.0	313169	Bəziləri isti sevir
az	32	100.0	424382	Buru
az	33	100.0	500841	Nyu-York metropoliteni
az	34	100.0	555328	Uşaqan döyüşü
az	35	100.0	607820	Yunan-İran müharibəsi (e.ə. 480-e.ə. 479)
az	36	100.0	625492	Qədim Roma mətbəxi
az	37	100.0	771902	Azərbaycanda prezident seçkiləri (2024)
az	38	100.0	778040	Roma imperiyasında xristianların təqibi
az	39	100.0	790283	Azərbaycan təsiri
az	40	99.9586	103144	II Abbas
az	41	99.6563	339878	Eldənizlər
az	42	99.6535	373633	Qlazqo Universiteti
az	43	99.6379	797537	Qafqaz və tarixi Azərbaycan ərazisində monqol–türk əlaqələri
az	44	99.6084	8483	Yer
az	45	99.4898	1087	Türkiyə
az	46	99.4294	815990	Maltanın Böyük mühasirəsi
az	47	99.4272	51112	Kayseri
az	48	99.4067	94324	Cimmi Karter
az	49	99.3117	55452	Naxçıvan xanlığı
az	50	99.1039	157913	Yaponiya bayrağı
be	1	100.0	1196	Ізраіль
be	2	100.0	1204	Інданезія
be	3	100.0	3038	Юпітэр (планета)
be	4	100.0	11204	Зямля
be	5	100.0	17402	Бук лясны
be	6	100.0	17710	Мірскі замак
be	7	100.0	23265	Тарас Рыгоравіч Шаўчэнка
be	8	100.0	26714	Руаль Амундсен
be	9	100.0	45100	Фрыцьёф Нансен
be	10	100.0	70243	Грудное выкормліванне
be	11	100.0	103269	Публій Карнелій Тацыт
be	12	100.0	173295	Вайна ў Харватыі
be	13	100.0	192072	Расійскае ўварванне ў Крым
be	14	100.0	204609	Гісторыя Эстоніі
be	15	100.0	307691	Аблога Сараева
be	16	100.0	308232	Расстрэл імператарскай сям’і Раманавых
be	17	100.0	572269	Гомасексуальнасць у Трэцім рэйху
be	18	100.0	668491	Пратэсты ў падтрымку Аляксея Навальнага (2021)
be	19	99.7731	23598	Насякомыя
be	20	99.6586	2259	Марс
be	21	99.5011	45377	Эрнэст Хемінгуэй
be	22	99.3103	350690	Інданезійская акупацыя Усходняга Тымора
be	23	99.2019	226079	Шэкспіраўскае пытанне
be	24	99.2	245469	Антон Іванавіч Дзянікін
be	25	99.0139	41285	Генацыд армян
be	26	98.7809	158166	Ядловец звычайны
be	27	98.5851	1553	Брэст
be	28	98.4991	202641	Аляксандр Васільевіч Калчак
be	29	98.4	617730	Лівійскі крызіс
be	30	97.6	21162	Зігмунд Фрэйд
be	31	97.5895	48932	Пітэр Паўль Рубенс
be	32	97.3995	1291	Альтаміра (пячора)
be	33	97.0866	2714	Стары замак (Гродна)
be	34	96.8578	72243	Чорная смерць
be	35	96.1599	23065	Ісус Хрыстос
be	36	95.9348	30691	Кот свойскі
be	37	95.9159	193749	Чэмпіянат свету па снукеры 2014
be	38	95.7895	115961	Генацыд у Руандзе
be	39	95.7119	201137	Хвароба Паркінсона
be	40	95.6934	682277	Ryanair
be	41	95.2376	22991	Пётр Аркадзьевіч Сталыпін
be	42	95.2301	20554	Слюдзянка
be	43	95.1197	149625	Барабудур
be	44	95.0	26701	Эрнан Картэс
be	45	95.0	200471	Данецкая Народная Рэспубліка
be	46	94.9514	26118	Курапаты
be	47	94.9372	68776	Максім Горкі
be	48	94.9071	42705	Эдвард Адамавіч Вайніловіч
be	49	94.7647	46787	Макс Планк
be	50	94.7368	60134	Хвароба Альцгеймера
bg	1	100.0	3178	Нерон
bg	2	100.0	3942	Атом
bg	3	100.0	3998	Бургас
bg	4	100.0	4209	Рудозем
bg	5	100.0	9868	Лесковдол
bg	6	100.0	9893	Леонардо да Винчи
bg	7	100.0	10522	Русия
bg	8	100.0	10527	Съединени американски щати
bg	9	100.0	14405	Ръжево Конаре
bg	10	100.0	16074	Втора световна война
bg	11	100.0	16321	Тодор Живков
bg	12	100.0	18629	Затлъстяване
bg	13	100.0	20816	ПФК „Левски“ (София)
bg	14	100.0	20839	Юлий Цезар
bg	15	100.0	26635	Бял щъркел
bg	16	100.0	26926	Джордж Оруел
bg	17	100.0	27082	Дж. Р. Р. Толкин
bg	18	100.0	27139	Диамант
bg	19	100.0	28111	Мекотели
bg	20	100.0	29985	Елизабет II
bg	21	100.0	30701	Котка на Жофроа
bg	22	100.0	31485	Бенито Мусолини
bg	23	100.0	32572	Балканска война
bg	24	100.0	34626	Кафява мечка
bg	25	100.0	44972	Чарлз III
bg	26	100.0	44976	Камила, кралица на Обединеното кралство
bg	27	100.0	46594	Бразилия
bg	28	100.0	48810	Северна Корея
bg	29	100.0	51460	Уинстън Чърчил
bg	30	100.0	51829	Борис Христов
bg	31	100.0	52392	Ехинококоза
bg	32	100.0	54611	Оксфордски университет
bg	33	100.0	54882	Минерал
bg	34	100.0	57811	Томас Джеферсън
bg	35	100.0	59989	Бойко Борисов
bg	36	100.0	65785	Костур (град)
bg	37	100.0	68040	Вулва
bg	38	100.0	83217	Помпей
bg	39	100.0	84275	Козимо де Медичи
bg	40	100.0	88105	Гражданска война в Испания
bg	41	100.0	88258	Еволюция
bg	42	100.0	91156	Дмитрий Шостакович
bg	43	100.0	91770	СС
bg	44	100.0	92020	Акулообразни
bg	45	100.0	95801	Крал Лир
bg	46	100.0	97352	Башар ал-Асад
bg	47	100.0	102906	Елизабет I
bg	48	100.0	105452	Виктория (езеро)
bg	49	100.0	109947	Веганство
bg	50	100.0	115988	Херман Гьоринг
ca	1	100.0	158	Ocells
ca	2	100.0	261	Ateisme
ca	3	100.0	414	Betelgeuse
ca	4	100.0	428	Bulgària
ca	5	100.0	445	Cafè
ca	6	100.0	690	Caiguda de l'Imperi Romà d'Occident
ca	7	100.0	809	Charles Robert Darwin
ca	8	100.0	974	El Padrí
ca	9	100.0	1015	Electró
ca	10	100.0	1433	Hidrogen
ca	11	100.0	1580	Jocs Olímpics
ca	12	100.0	1671	Lluna
ca	13	100.0	1686	Llagostera
ca	14	100.0	1729	Leonardo da Vinci
ca	15	100.0	1792	Madrid
ca	16	100.0	1888	Metall alcalí
ca	17	100.0	2046	Nana blanca
ca	18	100.0	2520	Serguei Rakhmàninov
ca	19	100.0	2597	Rússia
ca	20	100.0	2784	Sírius
ca	21	100.0	2864	Testimonis de Jehovà
ca	22	100.0	3016	Urà (planeta)
ca	23	100.0	3054	Vent
ca	24	100.0	7215	Panda gegant
ca	25	100.0	7937	Jesús de Natzaret
ca	26	100.0	8488	James Bond
ca	27	100.0	8521	Noè
ca	28	100.0	8792	Antic Egipte
ca	29	100.0	9108	ABBA
ca	30	100.0	9392	Castellar del Vallès
ca	31	100.0	11305	Romeu i Julieta
ca	32	100.0	12077	Poals
ca	33	100.0	15129	Urani
ca	34	100.0	15377	Formigues
ca	35	100.0	19044	Sumer
ca	36	100.0	19131	Evolució
ca	37	100.0	19394	Virus
ca	38	100.0	19523	Casa Batlló
ca	39	100.0	19657	Venus (planeta)
ca	40	100.0	19664	Mercuri (planeta)
ca	41	100.0	19672	Neptú (planeta)
ca	42	100.0	19976	Ninja
ca	43	100.0	19979	Shōgun
ca	44	100.0	20262	La guerra de les galàxies
ca	45	100.0	21293	Tàrraco
ca	46	100.0	22153	Parmènides
ca	47	100.0	22852	Primats
ca	48	100.0	26594	Belarús
ca	49	100.0	26959	Lituània
ca	50	100.0	28063	Johan Cruyff
cs	1	100.0	378	Šelmy
cs	2	100.0	944	Zdeněk Svěrák
cs	3	100.0	2029	Ludwig van Beethoven
cs	4	100.0	3397	Jan Žižka
cs	5	100.0	3938	Hejnice
cs	6	100.0	5323	Tour de France
cs	7	100.0	6252	William Shakespeare
cs	8	100.0	6981	Václav II.
cs	9	100.0	7396	Uran (planeta)
cs	10	100.0	8071	Bob Dylan
cs	11	100.0	9551	Napoleon Bonaparte
cs	12	100.0	10295	Bitva u Lipan
cs	13	100.0	10417	Panda velká
cs	14	100.0	10725	Titan (měsíc)
cs	15	100.0	12888	Říjnová revoluce
cs	16	100.0	13130	Přemysl Otakar II.
cs	17	100.0	13483	Etiopie
cs	18	100.0	15526	Primáti
cs	19	100.0	16011	Tučňáci
cs	20	100.0	16220	Medvěd hnědý
cs	21	100.0	17201	Bitva u Midwaye
cs	22	100.0	18919	Studená válka
cs	23	100.0	20134	Sýrie
cs	24	100.0	22732	Black Sabbath
cs	25	100.0	23544	Nacistické Německo
cs	26	100.0	25807	Enceladus (měsíc)
cs	27	100.0	25856	Ariel Šaron
cs	28	100.0	25890	Polná
cs	29	100.0	27156	Megadeth
cs	30	100.0	27411	Bedřich Smetana
cs	31	100.0	28475	Želvušky
cs	32	100.0	30982	Seznam vědních disciplín
cs	33	100.0	32599	Zoo Praha
cs	34	100.0	34582	Světové obchodní centrum
cs	35	100.0	34910	Motorový vůz M 290.0
cs	36	100.0	35683	Ansel Adams
cs	37	100.0	39990	Pražské povstání
cs	38	100.0	44570	Antikoncepce
cs	39	100.0	44708	Franz Schubert
cs	40	100.0	50075	Žralok bílý
cs	41	100.0	53630	Levhart skvrnitý
cs	42	100.0	65465	Medvěd lední
cs	43	100.0	67617	Tchaj-pej 101
cs	44	100.0	75253	Haifa
cs	45	100.0	80297	Tirpitz (1939)
cs	46	100.0	80703	Bowling
cs	47	100.0	83283	Běluha severní
cs	48	100.0	85961	Mil Mi-2
cs	49	100.0	86952	Puma americká
cs	50	100.0	90888	Vrchlabí
da	1	100.0	36	Danmark
da	2	100.0	122	Middelalderen
da	3	100.0	763	Næstved
da	4	100.0	2308	Alzheimers sygdom
da	5	100.0	10639	Sydney
da	6	100.0	14689	Saudi-Arabien
da	7	100.0	20751	Lithium
da	8	100.0	28468	Vilhelm Erobreren
da	9	100.0	29848	HT
da	10	100.0	37252	Martin Luther King
da	11	100.0	37440	Mao Zedong
da	12	100.0	45943	Casper & Mandrilaftalen
da	13	100.0	51198	Manhattan Project
da	14	100.0	53123	Nykøbing Falster
da	15	100.0	63336	London Underground
da	16	100.0	70818	Palmemordet
da	17	100.0	86298	Gloster Meteor
da	18	100.0	87884	Britiske Imperium
da	19	100.0	100685	IC4
da	20	100.0	149809	Movia
da	21	100.0	152871	Sporvejsmuseet Skjoldenæsholm
da	22	100.0	177104	Middelaldercentret
da	23	100.0	254022	Østrigs historie
da	24	100.0	386819	Henrik 2. af England
da	25	100.0	405067	Fordrivelsen af tyskere efter 2. verdenskrig
da	26	100.0	759994	Tesla Model S
da	27	100.0	863899	Slaget ved Romani
da	28	100.0	865762	Felttoget i Sinai og Palæstina
da	29	100.0	870135	Dødvandet i Sydlige Palæstina
da	30	100.0	942023	Borge og slotte i England
da	31	100.0	950082	England i middelalderen
da	32	100.0	999057	Sporvejsmuseet Skjoldenæsholms historie
da	33	100.0	1022934	Lofotenfiskeriets historie
da	34	100.0	1141458	Liste over folkets kunstnere i USSR
da	35	99.5432	11169	Vikinger
da	36	99.3237	518742	Terrorangrebene i Norge 22. juli 2011
da	37	99.3103	60606	Maria Magdalene
da	38	99.3103	186449	Hawker Hunter
da	39	99.3103	1040956	Verden i A Song of Ice and Fire
da	40	99.0928	1138366	Romerske kejserinder
da	41	98.7233	42815	General Dynamics F-16 Fighting Falcon
da	42	98.6589	29661	Malaysia
da	43	98.6356	1371	Ilt
da	44	98.6207	684472	Alcatraz Federal Penitentiary
da	45	98.6207	824622	Bernie Sanders
da	46	98.4386	5503	Hav
da	47	98.3183	108091	Senmiddelalder
da	48	97.9364	326787	Periodiske system
da	49	97.9308	15020	Henrik 8. af England
da	50	97.7465	8642	Rumænien
de	1	100.0	93	Aluminium
de	2	100.0	97	Arsen
de	3	100.0	145	Angela Merkel
de	4	100.0	194	Adolf Hitler
de	5	100.0	195	Algerien
de	6	100.0	245	Ammoniak
de	7	100.0	267	Aldi
de	8	100.0	295	Ascorbinsäure
de	9	100.0	352	Antoni van Leeuwenhoek
de	10	100.0	423	Aggregat 4
de	11	100.0	492	Blei
de	12	100.0	540	Bodensee
de	13	100.0	548	Barockmusik
de	14	100.0	625	Bangladesch
de	15	100.0	701	Beirut
de	16	100.0	711	Bayreuth
de	17	100.0	715	Bundesgerichtshof
de	18	100.0	751	Brustkrebs
de	19	100.0	779	Linearbandkeramische Kultur
de	20	100.0	849	Caracalla
de	21	100.0	887	Concorde
de	22	100.0	913	Chemische Waffe
de	23	100.0	978	Comic
de	24	100.0	1063	Dinosaurier
de	25	100.0	1108	Desoxyribonukleinsäure
de	26	100.0	1172	Demokratie
de	27	100.0	1182	Demokratische Republik Kongo
de	28	100.0	1249	Eisen
de	29	100.0	1302	Elektrotechnik
de	30	100.0	1305	Eritrea
de	31	100.0	1314	Ernst Jünger
de	32	100.0	1325	Elfenbeinküste
de	33	100.0	1329	Eiffelturm
de	34	100.0	1367	Eurobanknoten
de	35	100.0	1420	Europäische Eibe
de	36	100.0	1428	Enzyklopädie
de	37	100.0	1447	Eichen
de	38	100.0	1464	Elefanten
de	39	100.0	1624	Freie Demokratische Partei
de	40	100.0	1683	Französische Euromünzen
de	41	100.0	1702	Flörsheim am Main
de	42	100.0	1809	Gold
de	43	100.0	1833	Galileo Galilei
de	44	100.0	1841	Globale Erwärmung
de	45	100.0	1850	Gott
de	46	100.0	1924	Glas
de	47	100.0	1937	Grönland
de	48	100.0	2030	Ginkgo
de	49	100.0	2101	Gerhard Schröder (Politiker, 1910)
de	50	100.0	2155	Helmut Kohl
el	1	100.0	93	Ελληνικός κινηματογράφος
el	2	100.0	824	Αζερμπαϊτζάν
el	3	100.0	982	Ιωάννινα
el	4	100.0	1536	Αρχιτεκτονική
el	5	100.0	5192	Υδρογόνο
el	6	100.0	5623	Μεσαίωνας
el	7	100.0	5625	Λετονία
el	8	100.0	5735	Σωκράτης
el	9	100.0	5899	Ιωάννης Καποδίστριας
el	10	100.0	6740	Κομοτηνή
el	11	100.0	7522	Κίνα
el	12	100.0	7630	Λονδίνο
el	13	100.0	7678	Ινδία
el	14	100.0	8149	Χρυσή Αυγή
el	15	100.0	10007	Κωνσταντίνος Β΄ της Ελλάδας
el	16	100.0	10560	Σκωτία
el	17	100.0	10662	Έλληνες Καππαδόκες
el	18	100.0	10768	Αντώνης Σαμαράς
el	19	100.0	10868	Ουίλλιαμ Σαίξπηρ
el	20	100.0	11066	Ανόρθωση Αμμοχώστου
el	21	100.0	11339	Λεονάρντο ντα Βίντσι
el	22	100.0	11948	Ήλιος (μυθολογία)
el	23	100.0	12190	Βλαντίμιρ Πούτιν
el	24	100.0	12254	Αθεϊσμός
el	25	100.0	12817	Μανουήλ Α΄ Κομνηνός
el	26	100.0	15063	Λιοντάρι
el	27	100.0	15644	Αιγυπτιακή μυθολογία
el	28	100.0	16073	Ιωάννης Μεταξάς
el	29	100.0	16152	Λίθιο
el	30	100.0	16162	Άνθρακας
el	31	100.0	16187	Γάλλιο
el	32	100.0	16188	Γερμάνιο
el	33	100.0	16198	Νιόβιο
el	34	100.0	16205	Άργυρος
el	35	100.0	16206	Ίνδιο
el	36	100.0	16224	Θάλλιο
el	37	100.0	16258	Πλουτώνιο
el	38	100.0	16571	Μπανγκλαντές
el	39	100.0	16614	Ινδονησία
el	40	100.0	16619	Βόρεια Κορέα
el	41	100.0	16626	Μεξικό
el	42	100.0	17787	Μαντόνα
el	43	100.0	18953	Μαρία Κάλλας
el	44	100.0	19490	Κάρολος Δαρβίνος
el	45	100.0	20098	Ομοιοπαθητική
el	46	100.0	20722	Μαλαισία
el	47	100.0	21711	Γκρίζος λύκος
el	48	100.0	22760	Τιτανικός (ταινία, 1997)
el	49	100.0	24058	Βόρεια Μακεδονία
el	50	100.0	24823	Γεωργία
en	1	100.0	339	Ayn Rand
en	2	100.0	666	Alkali metal
en	3	100.0	711	Albert Sidney Johnston
en	4	100.0	898	Antimony
en	5	100.0	954	Albert Speer
en	6	100.0	984	Agatha Christie
en	7	100.0	1174	Aphrodite
en	8	100.0	1177	Aleister Crowley
en	9	100.0	1182	Athena
en	10	100.0	1201	American Sign Language
en	11	100.0	1256	Antoninus Pius
en	12	100.0	1273	Augustus
en	13	100.0	1306	Arminianism
en	14	100.0	1370	Ambrose
en	15	100.0	1384	Amos Bronson Alcott
en	16	100.0	1537	Acupuncture
en	17	100.0	1575	Alboin
en	18	100.0	1623	Andrew Jackson
en	19	100.0	1735	Ānanda
en	20	100.0	1755	Andrew II of Hungary
en	21	100.0	1770	Apollo 13
en	22	100.0	1773	Apollo 7
en	23	100.0	1774	Apollo 9
en	24	100.0	1950	American Civil Liberties Union
en	25	100.0	2085	Assyria
en	26	100.0	2134	Ark of the Covenant
en	27	100.0	2341	Alkaloid
en	28	100.0	2400	AMD
en	29	100.0	2460	Anal sex
en	30	100.0	2504	Amphetamine
en	31	100.0	2642	Ajanta Caves
en	32	100.0	3019	ʻAbdu'l-Bahá
en	33	100.0	3151	AGM-65 Maverick
en	34	100.0	3395	The Buddha
en	35	100.0	3408	Baruch Spinoza
en	36	100.0	3616	Economy of Botswana
en	37	100.0	3638	Foreign relations of Brazil
en	38	100.0	3668	Geography of Bulgaria
en	39	100.0	3793	Battle of Bosworth Field
en	40	100.0	3873	Bernard Montgomery
en	41	100.0	4041	Bede
en	42	100.0	4049	Battle of Blenheim
en	43	100.0	4165	Boeing 767
en	44	100.0	4170	Benelux
en	45	100.0	4193	Common buzzard
en	46	100.0	4233	Berthe Morisot
en	47	100.0	4251	Baháʼí Faith
en	48	100.0	4399	Beaver
en	49	100.0	4401	Bald eagle
en	50	100.0	4431	Beauty
eo	1	100.0	5	Afganio
eo	2	100.0	25	Afriko
eo	3	100.0	40	Aŭstralio
eo	4	100.0	54	Albanio
eo	5	100.0	57	Alĝerio
eo	6	100.0	92	Argentino
eo	7	100.0	95	Armenio
eo	8	100.0	141	Anarkiismo
eo	9	100.0	219	Asirianoj
eo	10	100.0	399	Bangladeŝo
eo	11	100.0	430	Barato
eo	12	100.0	513	Bahamoj
eo	13	100.0	774	Ĉevalo
eo	14	100.0	961	Eŭropa Unio
eo	15	100.0	1003	Etiopio
eo	16	100.0	1197	Filipinoj
eo	17	100.0	1233	Fiĝioj
eo	18	100.0	1447	Geometrio
eo	19	100.0	1596	Hispanio
eo	20	100.0	1639	Haitio
eo	21	100.0	1643	Hundo
eo	22	100.0	1685	Hinduismo
eo	23	100.0	1766	Islamo
eo	24	100.0	1789	Israelo
eo	25	100.0	1906	Insektoj
eo	26	100.0	2061	Jane Austen
eo	27	100.0	2102	Katolika Eklezio
eo	28	100.0	2154	Kartvelio
eo	29	100.0	2224	Kubo
eo	30	100.0	2471	Lenin
eo	31	100.0	2567	Laoso
eo	32	100.0	2750	Madrida Regiono
eo	33	100.0	2763	Mahabarato
eo	34	100.0	3019	Novjorko
eo	35	100.0	3040	Nederlando
eo	36	100.0	3047	Niĝerio
eo	37	100.0	3076	Nov-Zelando
eo	38	100.0	3207	Ovidio
eo	39	100.0	3212	Oceanio
eo	40	100.0	3318	Pakistano
eo	41	100.0	3343	Pollando
eo	42	100.0	3344	Portugalio
eo	43	100.0	3601	Renesanco
eo	44	100.0	3752	Sud-Koreio
eo	45	100.0	3830	Sudano
eo	46	100.0	3970	Samseksemo
eo	47	100.0	4109	Teo
eo	48	100.0	4134	Tjumeno
eo	49	100.0	4287	Usono
eo	50	100.0	4525	Victor Hugo
es	1	100.0	293	Apolo
es	2	100.0	317	Budismo
es	3	100.0	410	Brasil
es	4	100.0	765	Camino de Santiago
es	5	100.0	1429	Heráclito
es	6	100.0	1509	Imperio romano
es	7	100.0	1575	Japón
es	8	100.0	1591	Johann Sebastian Bach
es	9	100.0	2062	Orchidaceae
es	10	100.0	2147	Pablo Picasso
es	11	100.0	2840	Testigos de Jehová
es	12	100.0	3267	Oxígeno
es	13	100.0	3275	Evolución biológica
es	14	100.0	4035	Karl Marx
es	15	100.0	4062	Francisco Franco
es	16	100.0	4357	Grecia
es	17	100.0	4411	Aristóteles
es	18	100.0	4715	Shakira
es	19	100.0	5133	Homeopatía
es	20	100.0	5265	Bandera de Chile
es	21	100.0	5429	Ernest Hemingway
es	22	100.0	5675	Parménides de Elea
es	23	100.0	5753	Augusto Pinochet
es	24	100.0	5832	Arabia Saudita
es	25	100.0	6396	Portugal
es	26	100.0	7107	Hathor
es	27	100.0	7236	Leonardo da Vinci
es	28	100.0	7640	Castilla
es	29	100.0	7782	Filipinas
es	30	100.0	7796	Letonia
es	31	100.0	7797	Bielorrusia
es	32	100.0	7833	Bután
es	33	100.0	7958	The Beatles
es	34	100.0	8103	Monte Everest
es	35	100.0	8202	Teresa de Calcuta
es	36	100.0	8251	Guerra de Vietnam
es	37	100.0	8451	Aníbal
es	38	100.0	8555	Calvin Coolidge
es	39	100.0	8682	Guerra de las Malvinas
es	40	100.0	9296	Roberto Bolaño
es	41	100.0	9408	Harrison Ford
es	42	100.0	9606	Al Pacino
es	43	100.0	9630	Gioachino Rossini
es	44	100.0	9764	Deforestación
es	45	100.0	10239	Esteban I de Hungría
es	46	100.0	10301	Américo Vespucio
es	47	100.0	10411	Ghana
es	48	100.0	10627	Real Madrid Club de Fútbol
es	49	100.0	10751	Jimi Hendrix
es	50	100.0	11282	John Lennon
et	1	100.0	478	Hiiumaa
et	2	100.0	623	Karl XII
et	3	100.0	934	Põhjasõda
et	4	100.0	1030	Rebane
et	5	100.0	1112	Saturn
et	6	100.0	2412	Egiptus
et	7	100.0	2781	Indoneesia
et	8	100.0	2828	Itaalia
et	9	100.0	3883	Keila
et	10	100.0	3949	Paide
et	11	100.0	3974	Suure-Jaani
et	12	100.0	4081	Rwanda
et	13	100.0	4201	Malawi
et	14	100.0	4454	Sambia
et	15	100.0	6549	Paulus
et	16	100.0	7803	Loomad
et	17	100.0	8258	Araali meri
et	18	100.0	9251	Tiesenhausen
et	19	100.0	9762	Uraan (planeet)
et	20	100.0	15046	Suur Vallrahu
et	21	100.0	20639	Ain Kaalep
et	22	100.0	23951	Rapla
et	23	100.0	25037	Nõo vald
et	24	100.0	30990	Andesiit
et	25	100.0	32107	Rahvasteliit
et	26	100.0	34663	Ruhnu
et	27	100.0	54313	Karepa
et	28	100.0	55806	Bengtskäri tuletorn
et	29	100.0	65218	Eestlaste muistne vabadusvõitlus
et	30	100.0	71506	Michael Jackson
et	31	100.0	71551	Harilik kuusk
et	32	100.0	84374	Balti jaam
et	33	100.0	84905	Eugène Delacroix
et	34	100.0	95251	Gustav Mahler
et	35	100.0	104451	Tallinna raekoda
et	36	100.0	162839	Saaremaa mäss
et	37	100.0	186449	PT-76
et	38	100.0	202311	Siberi seedermänd
et	39	100.0	248430	Briti impeerium
et	40	100.0	266456	Raudkull
et	41	100.0	266956	Harilik pohl
et	42	100.0	305993	Villa Tammekann
et	43	100.0	368365	Uurdekivi
et	44	100.0	399888	Kõrvukrebane
et	45	100.0	401409	Kahvripühvel
et	46	100.0	414315	Pärnu rannahotell
et	47	100.0	430935	Otepää linnus
et	48	100.0	430943	Samburud
et	49	100.0	431499	Kõrbesebra
et	50	100.0	431915	Mursid
eu	1	100.0	39	Lurra
eu	2	100.0	57	Planeta
eu	3	100.0	2978	Jupiter
eu	4	100.0	3002	Eguzki-sistema
eu	5	100.0	3327	Donostia
eu	6	100.0	3458	Ur
eu	7	100.0	3794	Eguzkia
eu	8	100.0	3816	Albert Einstein
eu	9	100.0	3823	Rosa Luxemburg
eu	10	100.0	3837	Leonardo da Vinci
eu	11	100.0	3882	Marie Curie
eu	12	100.0	3886	Charles Darwin
eu	13	100.0	3899	Vladimir Lenin
eu	14	100.0	4180	Artizarra
eu	15	100.0	4182	Merkurio (planeta)
eu	16	100.0	4639	Erromatar Inperioa
eu	17	100.0	4652	Txillardegi
eu	18	100.0	4683	Ilargia
eu	19	100.0	5504	Euskadi Ta Askatasuna
eu	20	100.0	5848	Neptuno
eu	21	100.0	5906	Ipar Atlantikoko Itunaren Erakundea
eu	22	100.0	5965	Garagardo
eu	23	100.0	5971	Nazio Batuen Erakundea
eu	24	100.0	6268	Vietnamgo Gerra
eu	25	100.0	6807	Judaismo
eu	26	100.0	6941	Ondarroa
eu	27	100.0	7025	Trebiñu
eu	28	100.0	7614	Lehen Mundu Gerra
eu	29	100.0	7989	Juan Sebastian Elkano
eu	30	100.0	8048	Espainiako Gerra Zibila Euskal Herrian
eu	31	100.0	8062	Marte
eu	32	100.0	8123	Galaxia
eu	33	100.0	8618	Landare
eu	34	100.0	8647	Che Guevara
eu	35	100.0	8806	Karraskari
eu	36	100.0	9386	Los Angeles
eu	37	100.0	9559	Winston Churchill
eu	38	100.0	9685	Abraham Lincoln
eu	39	100.0	9740	Neandertal
eu	40	100.0	9962	Oh! Euzkadi
eu	41	100.0	10076	Martin Luther King
eu	42	100.0	10497	Mahatma Gandhi
eu	43	100.0	12508	Logroño
eu	44	100.0	14115	Udako Euskal Unibertsitatea
eu	45	100.0	14799	Jose Maria Arizmendiarrieta
eu	46	100.0	15736	Britainiar Inperioa
eu	47	100.0	21660	Berde
eu	48	100.0	21972	Birika
eu	49	100.0	24075	José Martí
eu	50	100.0	24192	Irène Némirovsky
fa	1	100.0	646	سعدی
fa	2	100.0	757	آلبرت اینشتین
fa	3	100.0	1031	کربن
fa	4	100.0	1032	اکسیژن
fa	5	100.0	1587	تبریز
fa	6	100.0	2169	اصفهان
fa	7	100.0	2421	محمد
fa	8	100.0	2924	زنجان
fa	9	100.0	3277	اسرائیل
fa	10	100.0	3894	آدولف هیتلر
fa	11	100.0	4058	کارل مارکس
fa	12	100.0	4172	اسب
fa	13	100.0	4337	سقز
fa	14	100.0	4401	هولوکاست
fa	15	100.0	4573	زمین
fa	16	100.0	4838	همجنس‌گرایی
fa	17	100.0	4843	فمینیسم
fa	18	100.0	4940	آنفلوانزا
fa	19	100.0	5192	مصر باستان
fa	20	100.0	5293	ایدز
fa	21	100.0	5299	اورشلیم
fa	22	100.0	5966	نظام جمهوری اسلامی ایران
fa	23	100.0	6233	امارات متحده عربی
fa	24	100.0	6446	موسیقی راک
fa	25	100.0	6522	تاریخ ایران
fa	26	100.0	6798	لندن
fa	27	100.0	7236	ژوزف استالین
fa	28	100.0	7619	قطر
fa	29	100.0	7695	محمود احمدی‌نژاد
fa	30	100.0	8105	فردی مرکوری
fa	31	100.0	9606	ماهی
fa	32	100.0	10502	علی کریمی
fa	33	100.0	10927	ولادیمیر لنین
fa	34	100.0	10978	بهائیت
fa	35	100.0	11870	چه گوارا
fa	36	100.0	12654	سید علی‌محمد باب
fa	37	100.0	13675	پان‌ترکیسم
fa	38	100.0	14345	استیو جابز
fa	39	100.0	15272	گرگان
fa	40	100.0	16082	جودو
fa	41	100.0	16241	بریتنی اسپیرز
fa	42	100.0	16544	قتل‌های زنجیره‌ای ایران
fa	43	100.0	20049	واژن
fa	44	100.0	21245	حجاب اسلامی
fa	45	100.0	22826	زیاریان
fa	46	100.0	24025	طاهره قرةالعین
fa	47	100.0	26218	جامعه ملل
fa	48	100.0	26223	سبزوار
fa	49	100.0	27404	وینستون چرچیل
fa	50	100.0	27859	طالبان
fi	1	100.0	380	Islam
fi	2	100.0	407	Jääpallo
fi	3	100.0	501	Kuuba
fi	4	100.0	804	Malesia
fi	5	100.0	821	Madeira
fi	6	100.0	1048	Luettelo Rooman keisareista
fi	7	100.0	1122	Saudi-Arabia
fi	8	100.0	1239	Tapio Rautavaara
fi	9	100.0	1379	Yhdistynyt kuningaskunta
fi	10	100.0	4461	Viiltäjä-Jack
fi	11	100.0	4615	Portugali
fi	12	100.0	4761	Belisarius
fi	13	100.0	5436	Elvis Presley
fi	14	100.0	5521	Ilves
fi	15	100.0	5600	Siili
fi	16	100.0	5759	Lestadiolaisuus
fi	17	100.0	5874	Kiinan historia
fi	18	100.0	5985	Kesäolympialaiset 1952
fi	19	100.0	6066	Josif Stalin
fi	20	100.0	6479	Helsingin päärautatieasema
fi	21	100.0	6486	Haiti
fi	22	100.0	6591	Andorra
fi	23	100.0	7172	Kreeta
fi	24	100.0	7205	Pietarsaari
fi	25	100.0	7410	Michael Jackson
fi	26	100.0	7446	Mao Zedong
fi	27	100.0	8005	MDMA
fi	28	100.0	8030	Kahvi
fi	29	100.0	8591	Kauhajoki
fi	30	100.0	8667	Lapinjärvi
fi	31	100.0	8794	Charles Chaplin
fi	32	100.0	9277	Danny
fi	33	100.0	10249	Anssi Kela
fi	34	100.0	11396	Alexander Stubb
fi	35	100.0	11477	Lapuanliike
fi	36	100.0	12228	Tuvalu
fi	37	100.0	14426	Kamerun
fi	38	100.0	14641	Sokrates
fi	39	100.0	14711	Niger
fi	40	100.0	14891	Mosambik
fi	41	100.0	15004	Sierra Leone
fi	42	100.0	16199	Museo
fi	43	100.0	16884	Qatar
fi	44	100.0	19957	Tartto
fi	45	100.0	21575	Galápagossaaret
fi	46	100.0	22005	Indiana Jones
fi	47	100.0	25272	The Kinks
fi	48	100.0	31769	Inkavaltakunta
fi	49	100.0	32283	Muinainen Egypti
fi	50	100.0	34727	Jokerit
fr	1	100.0	18	Arsène Lupin
fr	2	100.0	181	Afrique
fr	3	100.0	1362	Histoire du Japon
fr	4	100.0	1576	Io (lune)
fr	5	100.0	1606	Jules Verne
fr	6	100.0	1804	Ludwig Wittgenstein
fr	7	100.0	1893	Lune
fr	8	100.0	2399	Paul Verhoeven
fr	9	100.0	2874	Saturne (planète)
fr	10	100.0	2920	Samuel Beckett
fr	11	100.0	3027	Terre
fr	12	100.0	3096	Uranus (planète)
fr	13	100.0	3163	Vénus (planète)
fr	14	100.0	4534	Les Aventures de Tintin
fr	15	100.0	4709	Jean-Paul II
fr	16	100.0	5114	Benoît XIV
fr	17	100.0	5258	Chocolat
fr	18	100.0	5364	Claude Monet
fr	19	100.0	6119	Incube
fr	20	100.0	7226	Theodore Roosevelt
fr	21	100.0	7583	Oklahoma
fr	22	100.0	8747	Chilpéric Ier (roi des Francs)
fr	23	100.0	8900	Béarn
fr	24	100.0	10049	Léonard de Vinci
fr	25	100.0	11072	André Malraux
fr	26	100.0	12189	Maurice Renard (écrivain)
fr	27	100.0	12407	Auguste
fr	28	100.0	13943	Neptune (planète)
fr	29	100.0	14524	Vulve humaine
fr	30	100.0	14698	Henri VIII
fr	31	100.0	15353	Nelson Mandela
fr	32	100.0	15841	Lyon pendant l'Antiquité
fr	33	100.0	16709	Berthe Morisot
fr	34	100.0	17592	Fermanville
fr	35	100.0	18318	Témoins de Jéhovah
fr	36	100.0	19119	Le Croisic
fr	37	100.0	19866	Mega Drive
fr	38	100.0	20043	Edgar P. Jacobs
fr	39	100.0	20308	Athéna
fr	40	100.0	20881	Religion grecque antique
fr	41	100.0	21084	Jean sans Terre
fr	42	100.0	21270	Blade Runner (film)
fr	43	100.0	21626	Jésus de Nazareth
fr	44	100.0	22448	Guerre de Crimée
fr	45	100.0	22530	Histoire de la Bretagne
fr	46	100.0	23012	J. K. Rowling
fr	47	100.0	23104	Claude (empereur romain)
fr	48	100.0	23374	John Lennon
fr	49	100.0	23642	Henri II (roi d'Angleterre)
fr	50	100.0	24958	Europe (lune)
gl	1	100.0	334	Ovella
gl	2	100.0	2374	Sida
gl	3	100.0	2941	Leonardo da Vinci
gl	4	100.0	4161	George S. Patton
gl	5	100.0	4418	Segunda guerra mundial
gl	6	100.0	5002	Dodro
gl	7	100.0	6081	India
gl	8	100.0	9683	Vitoria do Reino Unido
gl	9	100.0	10905	Fidel Castro
gl	10	100.0	14717	Akbar
gl	11	100.0	16052	Elefante
gl	12	100.0	19696	Carl von Linné
gl	13	100.0	20538	Ukiyo-e
gl	14	100.0	20793	Gioachino Rossini
gl	15	100.0	23904	Curtis, Curtis
gl	16	100.0	23986	Raposo común
gl	17	100.0	31426	Eduardo I de Inglaterra
gl	18	100.0	41121	Boeing 777
gl	19	100.0	43933	The Beatles
gl	20	100.0	43974	Michael Jackson
gl	21	100.0	56350	Eduardo II de Inglaterra
gl	22	100.0	58609	Auschwitz
gl	23	100.0	61095	Richard Wagner
gl	24	100.0	75199	Pedro II do Brasil
gl	25	100.0	97631	Revolución de Outubro
gl	26	100.0	106858	Pedro I do Brasil
gl	27	100.0	111897	Joe Biden
gl	28	100.0	121199	Sergei Prokofev
gl	29	100.0	123745	Slipknot
gl	30	100.0	143732	Gustav Mahler
gl	31	100.0	144623	Xoán I de Inglaterra
gl	32	100.0	174172	Xirafa
gl	33	100.0	178568	Conan o bárbaro (filme)
gl	34	100.0	261746	Pelicano
gl	35	100.0	277481	Intempo
gl	36	100.0	324953	Subxéneros do heavy metal
gl	37	100.0	337131	Circo romano
gl	38	100.0	343541	Execución da familia Romanov
gl	39	100.0	348785	Nikolai Rimskii-Korsakov
gl	40	100.0	354033	Guerras dos Castores
gl	41	100.0	364958	Sítidos
gl	42	100.0	365318	República Soviética Húngara
gl	43	100.0	366745	Revolución de Maio
gl	44	100.0	368251	Reino de Hungría (1920-1946)
gl	45	100.0	381447	Traité d'instrumentation et d'orchestration
gl	46	100.0	387405	Mapache
gl	47	100.0	415284	Saab JAS 39 Gripen
gl	48	100.0	416505	Simone Veil
gl	49	100.0	439811	Lista das aves de Galicia
gl	50	100.0	444287	Matilde de Inglaterra
he	1	100.0	336	בנימין זאב הרצל
he	2	100.0	360	דוד בן-גוריון
he	3	100.0	367	זאב ז'בוטינסקי
he	4	100.0	514	לוי אשכול
he	5	100.0	515	גולדה מאיר
he	6	100.0	519	שמעון פרס
he	7	100.0	540	היסטוריה של הקולנוע
he	8	100.0	546	ג'ון פיצג'רלד קנדי
he	9	100.0	1002	פרויקט מנהטן
he	10	100.0	1231	ג'ורג' גרשווין
he	11	100.0	1263	ניקולאי רימסקי-קורסקוב
he	12	100.0	1291	מלחמת ההתשה
he	13	100.0	1512	המאה ה-19
he	14	100.0	1559	הארץ
he	15	100.0	1605	המוסד למודיעין ולתפקידים מיוחדים
he	16	100.0	1675	פוסטמודרניזם
he	17	100.0	1705	פיגועי 11 בספטמבר
he	18	100.0	1821	נמר השלג
he	19	100.0	1914	ג'ורג' ווקר בוש
he	20	100.0	1981	ג'ורג' הרברט ווקר בוש
he	21	100.0	2764	יצחק נבון
he	22	100.0	2782	הטלוויזיה החינוכית הישראלית
he	23	100.0	2916	זוחלים
he	24	100.0	2999	אשדוד
he	25	100.0	3018	חנוכה
he	26	100.0	3136	שבת
he	27	100.0	3906	טריצרטופס
he	28	100.0	4222	ריצ'רד ניקסון
he	29	100.0	4223	לינדון ג'ונסון
he	30	100.0	4873	מונגוליה
he	31	100.0	5152	רכבת ישראל
he	32	100.0	5687	באר שבע
he	33	100.0	5712	צפת
he	34	100.0	5894	"חסידות חב""ד"
he	35	100.0	6720	התנחלות
he	36	100.0	7041	ים המלח
he	37	100.0	7276	משה
he	38	100.0	7344	מלחמת האזרחים בספרד
he	39	100.0	7362	אברהם יצחק הכהן קוק
he	40	100.0	7563	אלטלנה
he	41	100.0	7728	אשקלון
he	42	100.0	7733	בני ברק
he	43	100.0	7740	טבריה
he	44	100.0	7746	כפר סבא
he	45	100.0	7747	לוד
he	46	100.0	7827	תור היירדאל
he	47	100.0	8104	מעמד האישה ביהדות
he	48	100.0	8348	צבי יהודה הכהן קוק
he	49	100.0	9302	יגאל אלון
he	50	100.0	9616	בית המקדש
hi	1	100.0	59	भारत
hi	2	100.0	175	भूगोल
hi	3	100.0	814	ऑस्ट्रेलिया
hi	4	100.0	820	उत्तर प्रदेश
hi	5	100.0	841	लखनऊ
hi	6	100.0	843	आगरा
hi	7	100.0	872	महात्मा गांधी
hi	8	100.0	934	कोलकाता
hi	9	100.0	1405	मुम्बई
hi	10	100.0	1406	दीपावली
hi	11	100.0	1478	अकबर
hi	12	100.0	1561	दिल्ली
hi	13	100.0	1674	भारतीय जनता पार्टी
hi	14	100.0	1704	कर्नाटक
hi	15	100.0	1749	मेघालय
hi	16	100.0	1776	बरेली
hi	17	100.0	2338	युक्रेन
hi	18	100.0	2426	कीव
hi	19	100.0	2480	मदीना
hi	20	100.0	2604	बेल्जियम
hi	21	100.0	2706	विश्व स्वास्थ्य संगठन
hi	22	100.0	2981	मुहम्मद
hi	23	100.0	3126	कोच्चि
hi	24	100.0	6175	भीमराव आम्बेडकर
hi	25	100.0	6928	बंगाल की खाड़ी
hi	26	100.0	7707	दक्षिण भारत
hi	27	100.0	8682	शुक्र
hi	28	100.0	8684	शनि (ग्रह)
hi	29	100.0	8761	हाथी
hi	30	100.0	10418	ईस्ट इण्डिया कम्पनी
hi	31	100.0	11015	चन्द्रगुप्त मौर्य
hi	32	100.0	11155	बृहस्पति (ग्रह)
hi	33	100.0	11229	भारत का प्रधानमन्त्री
hi	34	100.0	12613	एडिनबर्ग
hi	35	100.0	12687	मिलानो
hi	36	100.0	12794	रोज़ा पार्क्स
hi	37	100.0	13122	प्राचीन मिस्र
hi	38	100.0	13992	बोरोबुदुर
hi	39	100.0	14002	बाली
hi	40	100.0	14138	एलिज़ाबेथ द्वितीय
hi	41	100.0	14160	मैरी १ (स्कॉटलैंड की रानी)
hi	42	100.0	20588	लेबर पार्टी (यूके)
hi	43	100.0	22644	मंगल ग्रह
hi	44	100.0	26262	नरेन्द्र मोदी
hi	45	100.0	26744	भील
hi	46	100.0	29349	अली इब्न अबी तालिब
hi	47	100.0	29993	कु क्लुल्स क्लान
hi	48	100.0	30242	मैडीसन स्क्वायर गार्डन
hi	49	100.0	34150	तुग़लक़ राजवंश
hi	50	100.0	48149	वैलेंटाइन दिवस
hr	1	100.0	21	Dolazak Hrvata
hr	2	100.0	4701	Alojzije Stepinac
hr	3	100.0	5942	Bitka kod Termopila
hr	4	100.0	5961	Grčko-perzijski ratovi
hr	5	100.0	6054	Američki građanski rat
hr	6	100.0	6130	Galileo Galilei
hr	7	100.0	6145	Američko-meksički rat
hr	8	100.0	6194	Slovačka
hr	9	100.0	6272	Rat u Vijetnamu
hr	10	100.0	6334	Domovinski rat
hr	11	100.0	6437	Konfederacija Američkih Država
hr	12	100.0	6461	Kuiperov pojas
hr	13	100.0	6538	Šibenik
hr	14	100.0	6820	Beograd
hr	15	100.0	6850	Franjo Tuđman
hr	16	100.0	6887	Nezavisna Država Hrvatska
hr	17	100.0	7164	Itrij
hr	18	100.0	10235	Brazil
hr	19	100.0	10340	Oružane snage Republike Hrvatske
hr	20	100.0	10702	Srednji vijek
hr	21	100.0	11005	Široki Brijeg
hr	22	100.0	11019	Mostar
hr	23	100.0	11073	Ante Starčević
hr	24	100.0	11077	Stjepan Radić
hr	25	100.0	11204	Livno
hr	26	100.0	11259	Bugarska
hr	27	100.0	11263	Kolosej
hr	28	100.0	11286	Reformacija
hr	29	100.0	11452	Danska
hr	30	100.0	11453	Estonija
hr	31	100.0	11460	Latvija
hr	32	100.0	11472	Malta
hr	33	100.0	12633	Alpe
hr	34	100.0	12787	Četnici
hr	35	100.0	12876	Moskva
hr	36	100.0	12983	Gruzija
hr	37	100.0	13003	Iran
hr	38	100.0	13020	Bitka za Vukovar
hr	39	100.0	13290	Benedikt XVI.
hr	40	100.0	13817	Ratovi zvijezda III: Osveta Sitha
hr	41	100.0	13838	Ratovi zvijezda VI: Povratak Jedija
hr	42	100.0	13839	Ratovi zvijezda V: Imperij uzvraća udarac
hr	43	100.0	13887	Stari Grad
hr	44	100.0	14118	Banovina Hrvatska
hr	45	100.0	14369	Airbus A380
hr	46	100.0	14399	Križevci
hr	47	100.0	15199	Subotica
hr	48	100.0	15372	Rat u Bosni i Hercegovini
hr	49	100.0	15955	London
hr	50	100.0	16149	Neptun
hu	1	100.0	84	Hidrogén
hu	2	100.0	133	Csillagászat
hu	3	100.0	1411	I. Mátyás magyar király
hu	4	100.0	1550	Arisztotelész
hu	5	100.0	2068	Kanada
hu	6	100.0	2070	Törökország
hu	7	100.0	2280	Iszlám
hu	8	100.0	2358	Gombák
hu	9	100.0	2760	Elektron
hu	10	100.0	3455	Balaton
hu	11	100.0	4557	Mohandász Karamcsand Gandhi
hu	12	100.0	4702	Első világháború
hu	13	100.0	4872	Isztambul
hu	14	100.0	5392	Lítium
hu	15	100.0	6440	Lausanne
hu	16	100.0	6772	Arany János (költő)
hu	17	100.0	7708	Manhattan terv
hu	18	100.0	7783	Evolúció (biológia)
hu	19	100.0	7867	Második világháború
hu	20	100.0	7935	I. István magyar király
hu	21	100.0	8854	Székelyföld
hu	22	100.0	9298	Zsolna
hu	23	100.0	9675	Heavy metal
hu	24	100.0	9897	Munkácsy Mihály
hu	25	100.0	10806	Csíkszereda
hu	26	100.0	12520	Horthy Miklós (kormányzó)
hu	27	100.0	12579	Vírus
hu	28	100.0	12906	Tigris (állat)
hu	29	100.0	14290	Joseph Haydn
hu	30	100.0	14416	Szent-Györgyi Albert
hu	31	100.0	15392	Normandiai partraszállás
hu	32	100.0	15504	Franz Kafka
hu	33	100.0	15658	Johann Sebastian Bach
hu	34	100.0	15676	Bor (ital)
hu	35	100.0	15983	Kínai Köztársaság
hu	36	100.0	16042	Zichyújfalu
hu	37	100.0	16155	I. László magyar király
hu	38	100.0	16301	Kincsem (versenyló)
hu	39	100.0	17082	Baktériumok
hu	40	100.0	19584	Abda
hu	41	100.0	19769	ABBA
hu	42	100.0	20242	Budapest XVI. kerülete
hu	43	100.0	21249	Feröer
hu	44	100.0	22051	Hadrianus római császár
hu	45	100.0	23273	Uganda
hu	46	100.0	24289	Alan Shepard
hu	47	100.0	25329	Miguel de Cervantes
hu	48	100.0	25534	Budapest Liszt Ferenc nemzetközi repülőtér
hu	49	100.0	26509	Michael Jackson (énekes, 1958–2009)
hu	50	100.0	27003	Cristiano Ronaldo
hy	1	100.0	1143	Փիլիսոփայություն
hy	2	100.0	1387	Աֆղանստան
hy	3	100.0	1407	Բոսնիա և Հերցեգովինա
hy	4	100.0	1411	Բուլղարիա
hy	5	100.0	1416	Կանադա
hy	6	100.0	1421	Չինաստան
hy	7	100.0	1431	Կուբա
hy	8	100.0	1446	Ֆրանսիա
hy	9	100.0	1505	Հնդկաստան
hy	10	100.0	1506	Ինդոնեզիա
hy	11	100.0	1508	Իրաք
hy	12	100.0	1510	Իսրայել
hy	13	100.0	1585	Սաուդյան Արաբիա
hy	14	100.0	1622	Ամերիկայի Միացյալ Նահանգներ
hy	15	100.0	2422	Մոսկվա
hy	16	100.0	2432	Բուենոս Այրես
hy	17	100.0	2465	Լոնդոն
hy	18	100.0	2467	Ստամբուլ
hy	19	100.0	2480	Սանկտ Պետերբուրգ
hy	20	100.0	2488	Իսլամ
hy	21	100.0	2574	Նյու Յորք
hy	22	100.0	2806	Պարբերական աղյուսակ
hy	23	100.0	6183	Եվրոպական միություն
hy	24	100.0	6459	Հիսուս
hy	25	100.0	8178	ՄԻԱՎ/ՁԻԱՀ
hy	26	100.0	9125	Կատար
hy	27	100.0	11470	Վլադիմիր Վիսոցկի
hy	28	100.0	12698	Հոլոքոստ
hy	29	100.0	12991	Վլադիմիր Լենին
hy	30	100.0	13938	Նապոլեոն Բոնապարտ
hy	31	100.0	14806	Ուիլյամ Շեքսպիր
hy	32	100.0	17535	Ջո Բայդեն
hy	33	100.0	18596	Սինգապուր
hy	34	100.0	30567	Օկտավիանոս Օգոստոս
hy	35	100.0	33515	Սառա Բեռնար
hy	36	100.0	33747	Շիա իսլամ
hy	37	100.0	37263	Մարտին Լյութեր Քինգ
hy	38	100.0	41622	Ռուալ Ամունդսեն
hy	39	100.0	41634	Գոթֆրիդ Լայբնից
hy	40	100.0	42091	Դմիտրի Մեդվեդև
hy	41	100.0	42578	Դիեգո Մարադոնա
hy	42	100.0	49640	Մանչեսթեր Յունայթեդ
hy	43	100.0	59291	Կատուներ
hy	44	100.0	62036	Վիրուսներ
hy	45	100.0	62790	Հին Եգիպտոս
hy	46	100.0	63906	Օլիմպիական խաղեր
hy	47	100.0	86652	Էռնան Կորտես
hy	48	100.0	86690	Ալեսանդրո Դել Պիեռո
hy	49	100.0	93795	Դևիդ Բեքհեմ
hy	50	100.0	431981	Կոկաին
id	1	100.0	91	Virus
id	2	100.0	756	Matahari
id	3	100.0	843	Yesus
id	4	100.0	896	Dharma
id	5	100.0	1070	Adam
id	6	100.0	1110	Hewan
id	7	100.0	3597	Bill Gates
id	8	100.0	3908	Adolf Hitler
id	9	100.0	4453	Kuwait
id	10	100.0	4490	Rwanda
id	11	100.0	4504	Vanuatu
id	12	100.0	4533	Agama Hindu
id	13	100.0	5942	Pythagoras
id	14	100.0	7065	Amir Hamzah
id	15	100.0	8050	Zebra
id	16	100.0	9588	Uranus
id	17	100.0	9590	Neptunus
id	18	100.0	10870	Seng
id	19	100.0	11270	Canberra
id	20	100.0	11414	Vladimir Putin
id	21	100.0	11430	Josef Stalin
id	22	100.0	11450	Albertus Soegijapranata
id	23	100.0	11975	Fidel Castro
id	24	100.0	12390	William Shakespeare
id	25	100.0	12705	Kiblat
id	26	100.0	12723	Vladimir Lenin
id	27	100.0	12991	Syafruddin Prawiranegara
id	28	100.0	13084	Skizofrenia
id	29	100.0	13263	Perang Dingin
id	30	100.0	13535	Tuberkulosis
id	31	100.0	14156	Kopi
id	32	100.0	14477	Malcolm X
id	33	100.0	15309	Kepulauan Falkland
id	34	100.0	16087	Paus Yohanes Paulus II
id	35	100.0	16327	Perpustakaan Aleksandria
id	36	100.0	17221	Muammar Khadafi
id	37	100.0	17363	Musa
id	38	100.0	17476	Universitas Gadjah Mada
id	39	100.0	18205	Ibnu Rusyd
id	40	100.0	18446	Genosida Armenia
id	41	100.0	18611	Ibrahim
id	42	100.0	19520	Ali bin Abi Thalib
id	43	100.0	19638	Jerman Nazi
id	44	100.0	19655	Lexus
id	45	100.0	20478	Nelson Mandela
id	46	100.0	20523	Genosida Rwanda
id	47	100.0	20965	Khalid bin Walid
id	48	100.0	21371	Kaledonia Baru
id	49	100.0	21467	Aleksander Agung
id	50	100.0	21545	Avril Lavigne
it	1	100.0	2123	Giove (astronomia)
it	2	100.0	3381	Provincia di Piacenza
it	3	100.0	3436	Provincia di Lodi
it	4	100.0	3933	San Benedetto del Tronto
it	5	100.0	4142	Teresa di Lisieux
it	6	100.0	4298	Texas
it	7	100.0	4578	Winston Churchill
it	8	100.0	8505	Lodi
it	9	100.0	10020	Bandiera d'Italia
it	10	100.0	10961	Vega
it	11	100.0	11075	Nana bianca
it	12	100.0	12154	Bologna Football Club 1909
it	13	100.0	12400	Strade romane
it	14	100.0	15408	William Shakespeare
it	15	100.0	16044	Guerra del Vietnam
it	16	100.0	16721	Canton Appenzello Esterno
it	17	100.0	17196	Betelgeuse
it	18	100.0	19209	Cinisello Balsamo
it	19	100.0	19335	Como 1907
it	20	100.0	19984	Novate Milanese
it	21	100.0	24215	Tetragramma biblico
it	22	100.0	24247	Storia dell'Austria
it	23	100.0	26899	Campo di Giove
it	24	100.0	29269	Chiavari
it	25	100.0	29621	Denis Diderot
it	26	100.0	30023	Brinzio
it	27	100.0	31049	Ariccia
it	28	100.0	32018	Marino (Italia)
it	29	100.0	33383	Gorno
it	30	100.0	34066	Chioggia
it	31	100.0	35049	Bivona
it	32	100.0	35865	Ruvo di Puglia
it	33	100.0	36740	Associazione Sportiva Roma
it	34	100.0	37089	Castel Goffredo
it	35	100.0	38434	Cumani
it	36	100.0	38783	Avari
it	37	100.0	39078	Giulianova Calcio 1924
it	38	100.0	40251	Michael Jordan
it	39	100.0	41094	Vittoriano
it	40	100.0	42721	Carcassonne
it	41	100.0	44022	General Dynamics F-16 Fighting Falcon
it	42	100.0	45266	Gianni Rivera
it	43	100.0	46439	Lockheed C-130 Hercules
it	44	100.0	52905	Canis lupus
it	45	100.0	56604	Seconda guerra punica
it	46	100.0	62275	Lamborghini
it	47	100.0	69140	Dinosauria
it	48	100.0	73116	Contrada Capitana dell'Onda
it	49	100.0	73431	Malattia di Parkinson
it	50	100.0	74343	Ḫattuša
ja	1	100.0	1401	西洋美術史
ja	2	100.0	5697	織田信長
ja	3	100.0	5850	ステンレス鋼
ja	4	100.0	6048	アレイスター・クロウリー
ja	5	100.0	6494	マーキュリー計画
ja	6	100.0	6589	プトレマイオス朝
ja	7	100.0	6841	横浜みなとみらい21
ja	8	100.0	7735	小田急箱根鉄道線
ja	9	100.0	8346	伊能忠敬
ja	10	100.0	9721	動物
ja	11	100.0	9768	本能寺の変
ja	12	100.0	11279	ロベルト・シューマン
ja	13	100.0	11919	唐
ja	14	100.0	13162	世界遺産
ja	15	100.0	14079	京王6000系電車
ja	16	100.0	14253	イチョウ
ja	17	100.0	14279	ヨハン・クライフ
ja	18	100.0	15217	京急1000形電車 (2代)
ja	19	100.0	15509	カール・マルクス
ja	20	100.0	16082	北越急行ほくほく線
ja	21	100.0	17566	京王7000系電車
ja	22	100.0	17630	ばね
ja	23	100.0	18336	御嶽山
ja	24	100.0	23424	幸福の科学
ja	25	100.0	23855	オーロラ
ja	26	100.0	26870	大気汚染
ja	27	100.0	27206	ユヴェントスFC
ja	28	100.0	28670	江別市
ja	29	100.0	29120	ウラジーミル・レーニン
ja	30	100.0	29230	伊勢湾岸自動車道
ja	31	100.0	29428	エアバスA320
ja	32	100.0	30120	人魚
ja	33	100.0	32894	阪急百貨店
ja	34	100.0	33194	ペレ
ja	35	100.0	34223	イズミヤ
ja	36	100.0	34224	西友
ja	37	100.0	35639	デズモンド・ムピロ・ツツ
ja	38	100.0	38432	マリ・キュリー
ja	39	100.0	40306	住吉大社
ja	40	100.0	41431	国鉄115系電車
ja	41	100.0	41446	ウィンストン・チャーチル
ja	42	100.0	46140	アフリカ文学
ja	43	100.0	47504	ヴィクトリア (イギリス女王)
ja	44	100.0	48768	フォッケウルフ Fw190
ja	45	100.0	49678	葛飾北斎
ja	46	100.0	50208	フーコーの振り子
ja	47	100.0	53327	神智学
ja	48	100.0	55201	カタルーニャ州
ja	49	100.0	55523	名鉄7000系電車
ja	50	100.0	55979	富山駅
ka	1	100.0	831	იოჰან სებასტიან ბახი
ka	2	100.0	1368	დავით IV აღმაშენებელი
ka	3	100.0	1531	აზერბაიჯანი
ka	4	100.0	1533	ნახიჩევანის ავტონომიური რესპუბლიკა
ka	5	100.0	1659	საფრანგეთი
ka	6	100.0	1877	ადოლფ ჰიტლერი
ka	7	100.0	2674	აფხაზები
ka	8	100.0	3231	ილია II
ka	9	100.0	3421	მიხეილ სააკაშვილი
ka	10	100.0	3427	სალომე ზურაბიშვილი
ka	11	100.0	3673	ხორვატია
ka	12	100.0	5044	ლუდვიგ ვან ბეთჰოვენი
ka	13	100.0	6592	რომი
ka	14	100.0	8083	პინკ ფლოიდი
ka	15	100.0	8700	ატომი
ka	16	100.0	9024	თელ-ავივი
ka	17	100.0	9621	ფიოდორ დოსტოევსკი
ka	18	100.0	9816	ნეოლიბერალიზმი
ka	19	100.0	9831	ჯაზი
ka	20	100.0	10011	ერნესტო ჩე გევარა
ka	21	100.0	11018	სანქტ-პეტერბურგი
ka	22	100.0	11121	სტამბოლი
ka	23	100.0	11236	ბარსელონა
ka	24	100.0	11910	მზე
ka	25	100.0	11985	რიო-დე-ჟანეირო
ka	26	100.0	12004	ურანი
ka	27	100.0	12010	პლუტონი
ka	28	100.0	13169	ვეფხისტყაოსანი
ka	29	100.0	13222	მზის სისტემა
ka	30	100.0	13873	მეხიკო
ka	31	100.0	14311	ბოტსვანა
ka	32	100.0	14654	ლესოთო
ka	33	100.0	17559	ოქტავიანე ავგუსტუსი
ka	34	100.0	17624	დომიციანე
ka	35	100.0	20885	პლანეტა
ka	36	100.0	23874	ვარსკვლავი
ka	37	100.0	24225	რიხარდ ვაგნერი
ka	38	100.0	30708	ათეიზმი
ka	39	100.0	31279	რუნები
ka	40	100.0	34949	დეზოქსირიბონუკლეინის მჟავა
ka	41	100.0	35298	აკაკი შანიძე
ka	42	100.0	40210	ევოლუცია
ka	43	100.0	42416	როჯერ ფედერერი
ka	44	100.0	45888	დეივიდ ბოუი
ka	45	100.0	48341	მანჩესტერ იუნაიტედი (საფეხბურთო კლუბი)
ka	46	100.0	55438	კანბერა
ka	47	100.0	55775	ელტონ ჯონი
ka	48	100.0	57875	კალვინ კულიჯი
ka	49	100.0	65674	რაფაელ ნადალი
ka	50	100.0	66398	სალონიკი
kk	1	100.0	3582	Техас
kk	2	100.0	4300	Ислам
kk	3	100.0	8336	Владимир Владимирович Путин
kk	4	100.0	12336	Дмитрий Анатольевич Медведев
kk	5	100.0	27918	Жұлдыз
kk	6	100.0	143831	Кристина Фернандес де Киршнер
kk	7	100.0	540648	Хасан Рухани
kk	8	100.0	548189	Дональд Трамп
kk	9	100.0	574325	Майк Пенс
kk	10	97.7778	516721	Петро Олексійович Порошенко
kk	11	97.4194	379873	Си Цзиньпин
kk	12	96.7678	491889	II Елизабет
kk	13	96.4915	5846	Корея Республикасы
kk	14	96.4504	588021	Audi R8
kk	15	96.2963	612003	Lockheed C-130 Hercules
kk	16	96.129	736735	Рим папаларының тізімі
kk	17	95.8241	199928	Барнауыл
kk	18	95.1016	740738	Әли Хаменеи
kk	19	95.0	1725	Украина
kk	20	95.0	560689	Джо Байден
kk	21	94.8387	9592	Иран
kk	22	94.0741	201706	Dong Bang Shin Ki
kk	23	93.5508	24216	Философия
kk	24	93.5484	546460	Физика саласында Нобель сыйлығы лауреаттарының тізімі
kk	25	93.544	14020	Көкшетау
kk	26	92.9032	189408	Шерлок (телесериал)
kk	27	92.9032	546457	Физиология немесе медицина саласында Нобель сыйлығы лауреаттарының тізімі
kk	28	92.9032	546458	Химия саласында Нобель сыйлығы лауреаттарының тізімі
kk	29	92.5926	21442	АИВ/ЖИТС
kk	30	92.5926	675204	2022 жылғы Қазақстандағы наразылық шаралары
kk	31	92.3297	6836	Жер
kk	32	92.155	720685	КСРО ыдырауы
kk	33	91.9666	308743	Грейт-Смоки-Маунтинс (ұлттық саябақ)
kk	34	91.9276	14769	География
kk	35	91.8519	703348	Ресейдің Украинаға басып кіру хронологиясы (шілде 2023)
kk	36	91.7018	163071	Алеппо
kk	37	91.6129	546454	Әдебиет саласында Нобель сыйлығы лауреаттарының тізімі
kk	38	90.9677	719255	Орыс-украин соғысы
kk	39	90.9438	487330	Франциск (рим папасы)
kk	40	90.7361	69599	Мұнай экспорттаушы елдер ұйымы
kk	41	90.6571	4608	Қасым-Жомарт Кемелұлы Тоқаев
kk	42	89.9051	526727	Кот-д’Ивуар
kk	43	89.7515	18986	Қазақстанның сыртқы саясаты
kk	44	89.6296	538668	Ирак және Шам Ислам мемлекеті
kk	45	88.6111	546455	Бейбітшілік саласында Нобель сыйлығы лауреаттарының тізімі
kk	46	88.3632	119206	Манчестер Юнайтед
kk	47	88.1853	587521	Калифорния университеті, Санта-Круз
kk	48	88.1481	483966	Ахмадия
kk	49	87.9392	478873	Манчестер Сити
kk	50	87.8314	121989	Гарвард университеті
ko	1	100.0	1840	알베르트 아인슈타인
ko	2	100.0	2565	고대 로마
ko	3	100.0	5248	훈족
ko	4	100.0	5534	마르쿠스 아우렐리우스
ko	5	100.0	6609	흥선대원군
ko	6	100.0	6622	명성황후
ko	7	100.0	7330	조선대학교
ko	8	100.0	7931	하마
ko	9	100.0	8044	양
ko	10	100.0	8050	회색늑대
ko	11	100.0	9164	뉴질랜드
ko	12	100.0	9225	매독
ko	13	100.0	9240	천연두
ko	14	100.0	9545	김구
ko	15	100.0	10027	폴 매카트니
ko	16	100.0	11361	뉴욕
ko	17	100.0	12308	나폴레옹 보나파르트
ko	18	100.0	14277	크리스토퍼 콜럼버스
ko	19	100.0	14651	동성애
ko	20	100.0	20675	우주
ko	21	100.0	22886	시드니
ko	22	100.0	27799	해왕성
ko	23	100.0	28773	비키니
ko	24	100.0	29697	세계 무역 센터 (1973년~2001년)
ko	25	100.0	32009	냉전
ko	26	100.0	33177	프랑스 혁명
ko	27	100.0	37894	영장류
ko	28	100.0	38175	쇼와 천황
ko	29	100.0	39520	한복
ko	30	100.0	39677	존 레논
ko	31	100.0	43712	프랭클린 D. 루스벨트
ko	32	100.0	46454	맨해튼 계획
ko	33	100.0	64656	감자
ko	34	100.0	70480	알레산드로 델 피에로
ko	35	100.0	75735	윌리엄 1세
ko	36	100.0	77248	니키타 흐루쇼프
ko	37	100.0	86770	흰개미
ko	38	100.0	88104	벤허 (1959년 영화)
ko	39	100.0	99346	클레오파트라
ko	40	100.0	99598	센타우루스자리 알파
ko	41	100.0	99601	베텔게우스
ko	42	100.0	101348	파룬궁
ko	43	100.0	105508	크리스티아누 호날두
ko	44	100.0	108099	삼겹살구이
ko	45	100.0	115193	굽타 제국
ko	46	100.0	119261	에리히 폰 만슈타인
ko	47	100.0	119874	장준하
ko	48	100.0	127180	동일본 여객철도 E233계 전동차
ko	49	100.0	188838	일본 요리
ko	50	100.0	193254	파티마 칼리파국
la	1	100.0	208	Estonia
la	2	100.0	250	Civitates Foederatae Americae
la	3	100.0	256	Germania
la	4	100.0	455	Lutetia
la	5	100.0	744	Mythologia
la	6	100.0	794	Oceania
la	7	100.0	800	Oceanus
la	8	100.0	808	Oceanus Atlanticus
la	9	100.0	2291	Aegyptus
la	10	100.0	2308	Georgia
la	11	100.0	2384	Iaponia
la	12	100.0	2390	Lingua Catalana
la	13	100.0	2499	Brixia
la	14	100.0	2716	Russia
la	15	100.0	2718	Res publica Dominiciana
la	16	100.0	3014	Venetiola
la	17	100.0	3022	Francia
la	18	100.0	3183	Oceanus Arcticus
la	19	100.0	3284	Noam Chomsky
la	20	100.0	3344	Finnia
la	21	100.0	3585	Iemenia
la	22	100.0	4062	Mercurius (planeta)
la	23	100.0	4105	Publius Ovidius Naso
la	24	100.0	4151	Feles
la	25	100.0	5183	Mahometus
la	26	100.0	5372	Ucraina
la	27	100.0	7455	Relativitas generalis
la	28	100.0	8129	Psychologia
la	29	100.0	9938	Guinea Aequinoctialis
la	30	100.0	10453	Burkina Faso
la	31	100.0	10457	Guinea Bissaviensis
la	32	100.0	12672	Iuno
la	33	100.0	15108	Salvatoria
la	34	100.0	15404	Uterus
la	35	100.0	18620	Uraquaria
la	36	100.0	20607	Franciscus (papa)
la	37	100.0	25323	Ayn Rand
la	38	100.0	27153	Physica electromagnetica
la	39	100.0	33179	Granienum
la	40	100.0	36039	Bellum Civile Americanum
la	41	100.0	37272	Franciscus Petrus Schubert
la	42	100.0	37695	Historiae (Thucydides)
la	43	100.0	41234	Index nominum Latinorum hominum praeclarorum
la	44	100.0	71600	Mulhusia
la	45	100.0	96924	Tabula Rosettana
la	46	100.0	123525	Theoria numerorum
la	47	100.0	147977	Wannsee Conventus
la	48	100.0	171637	Sisith
la	49	100.0	218600	Petrus Seeger
la	50	100.0	221457	Municipia Estoniae
lt	1	100.0	1557	Jungtinių Tautų Organizacija
lt	2	100.0	4500	Kanbera
lt	3	100.0	10088	Trečiasis Reichas
lt	4	100.0	22247	Sidnėjus
lt	5	100.0	615223	Britų armija
lt	6	100.0	620946	Raigetas
lt	7	99.8658	795	Jungtinės Amerikos Valstijos
lt	8	99.1827	622155	Hawker Hurricane
lt	9	99.0476	1344	Lietuvių kalba
lt	10	98.0952	188444	Roger Federer
lt	11	97.8727	37054	Lyvių kalba
lt	12	96.8	273729	Lyvių pakrantė
lt	13	96.2783	29	Lietuva
lt	14	96.0364	99512	Vakarų Australija
lt	15	96.0217	6895	Vokiečių kalba
lt	16	95.2381	436027	3D spausdinimas
lt	17	95.1503	23603	Melburnas
lt	18	93.6	59308	Marilyn Monroe
lt	19	93.5871	8173	Bakterijos
lt	20	93.5689	6241	Bizantija
lt	21	93.3333	32885	Indoeuropiečių prokalbė
lt	22	93.3333	62331	Valų kalba
lt	23	92.8381	499783	Baltų prokalbė
lt	24	92.809	40936	Markas Aurelijus
lt	25	91.4286	599525	Friulų kalba
lt	26	91.1081	359970	Žemutinių sorbų kalba
lt	27	90.4762	41897	Simpsonai
lt	28	88.8	4978	Šaltasis karas
lt	29	87.7795	41869	Černobylio avarija
lt	30	87.7619	530846	BTS
lt	31	87.619	13087	Latvių kalba
lt	32	87.619	270784	Vepsų kalba
lt	33	86.8717	462146	2 eurų proginės monetos
lt	34	86.6145	4732	Vladimiras Putinas
lt	35	86.2303	579002	Panevėžio architektūra
lt	36	85.6782	33475	Luvras
lt	37	84.9176	626308	Kingstonas prie Temzės
lt	38	84.6612	75200	Brisbanas
lt	39	84.2	628117	Hedy Lamarr
lt	40	84.1143	58141	Britney Spears
lt	41	83.9669	1117	Kaunas
lt	42	83.1737	590807	De Havilland Dragon Rapide
lt	43	82.8737	10772	Michelangelo
lt	44	82.3299	413454	One Direction
lt	45	81.888	26172	Lietuvos zoologijos sodas
lt	46	80.8873	419398	Atlantida. Prarastoji imperija
lt	47	80.8246	85220	Kauno Tado Ivanausko zoologijos muziejus
lt	48	80.2048	589733	Modernizmo architektūra
lt	49	79.9067	590108	Eurovizijos dainų konkursas 2022
lt	50	79.1426	91804	Barack Obama
ms	1	100.0	56	Helium
ms	2	100.0	58	Sistem Suria
ms	3	100.0	82	Gajah
ms	4	100.0	85	Orang utan
ms	5	100.0	87	Harimau
ms	6	100.0	106	Durian
ms	7	100.0	168	P. Ramlee
ms	8	100.0	322	Islam
ms	9	100.0	351	Pahang
ms	10	100.0	1389	Orang Yahudi
ms	11	100.0	2007	Brazil
ms	12	100.0	2074	Itali
ms	13	100.0	2088	Nigeria
ms	14	100.0	2102	Romania
ms	15	100.0	2103	Arab Saudi
ms	16	100.0	2104	Singapura
ms	17	100.0	2115	Turki
ms	18	100.0	2117	Amerika Syarikat
ms	19	100.0	2118	United Kingdom
ms	20	100.0	2142	Mahathir Mohamad
ms	21	100.0	2284	Hujan
ms	22	100.0	2395	Lembu
ms	23	100.0	2522	Selangor
ms	24	100.0	2531	Sabah
ms	25	100.0	2533	Sarawak
ms	26	100.0	2534	Melaka
ms	27	100.0	2576	Persatuan Negara-negara Asia Tenggara
ms	28	100.0	2667	Afghanistan
ms	29	100.0	2881	Elizabeth II
ms	30	100.0	2925	Siti Nurhaliza
ms	31	100.0	2932	Kemboja
ms	32	100.0	2940	Vietnam
ms	33	100.0	2973	Kota Kinabalu
ms	34	100.0	2975	Bangladesh
ms	35	100.0	3062	Ukraine
ms	36	100.0	3298	Demam denggi
ms	37	100.0	3313	Maghribi
ms	38	100.0	3491	Kanada
ms	39	100.0	3976	Nauru
ms	40	100.0	5053	Sudirman (penyanyi)
ms	41	100.0	5114	Etanol
ms	42	100.0	5674	Suharto
ms	43	100.0	5943	Tuberkulosis
ms	44	100.0	5972	Penyakit Alzheimer
ms	45	100.0	6146	Taun
ms	46	100.0	6849	Sultan Iskandar ibni Sultan Ismail
ms	47	100.0	7244	Bahasa Sanskrit
ms	48	100.0	7363	Tiga Kerajaan Korea
ms	49	100.0	7413	Abdul Taib Mahmud
ms	50	100.0	9302	Lapangan Terbang Sultan Abdul Aziz Shah
nl	1	100.0	501	Formule 1
nl	2	100.0	590	Genetica
nl	3	100.0	752	Heraclitus
nl	4	100.0	756	Hermann Göring
nl	5	100.0	811	Iran
nl	6	100.0	1152	New York (stad)
nl	7	100.0	1564	Rembrandt van Rijn
nl	8	100.0	1739	Tweede Wereldoorlog
nl	9	100.0	1742	Temse
nl	10	100.0	5337	Karel de Grote
nl	11	100.0	6764	Mata Hari
nl	12	100.0	7219	Longkanker
nl	13	100.0	7287	Zwarte specht
nl	14	100.0	9091	Auschwitz (concentratiekamp)
nl	15	100.0	9520	Warmond
nl	16	100.0	9724	Virus (biologie)
nl	17	100.0	9917	Beerdiertjes
nl	18	100.0	10242	Vereenigde Oostindische Compagnie
nl	19	100.0	10904	Vlaamse Primitieven
nl	20	100.0	12232	Partij van de Arbeid van België
nl	21	100.0	12263	Beleg van Leiden (1573-1574)
nl	22	100.0	14240	Zuid-Afrikaansche Republiek
nl	23	100.0	14810	Celkern
nl	24	100.0	15111	Joost van den Vondel
nl	25	100.0	16002	Magie
nl	26	100.0	16153	Azerbeidzjan
nl	27	100.0	16316	Dodo
nl	28	100.0	16730	Benedictus de Spinoza
nl	29	100.0	17232	Sao Tomé en Principe
nl	30	100.0	17287	Zijdevlinder
nl	31	100.0	17803	Den Helder
nl	32	100.0	19908	Kilimanjaro (berg)
nl	33	100.0	20944	Bernhard van Lippe-Biesterfeld
nl	34	100.0	21378	Georgië
nl	35	100.0	22512	Lodewijk XIV van Frankrijk
nl	36	100.0	24640	Bultrug
nl	37	100.0	24753	Geschiedenis van de Noord/Zuidlijn
nl	38	100.0	25061	Potvis
nl	39	100.0	25446	Byzantijnse Rijk
nl	40	100.0	27289	Seattle
nl	41	100.0	27702	Johan Cruijff
nl	42	100.0	29506	Tbilisi
nl	43	100.0	32462	De Nachtwacht
nl	44	100.0	32971	Zonhoven
nl	45	100.0	34090	Kat (dier)
nl	46	100.0	34900	Hardcore house
nl	47	100.0	35937	Universiteit Maastricht
nl	48	100.0	36778	Jean-Jacques Rousseau
nl	49	100.0	37301	Michail Bakoenin
nl	50	100.0	39374	Slag om de Ardennen
nn	1	100.0	807	Sovjetunionen
nn	2	100.0	1180	Fedje kommune
nn	3	100.0	1349	Bergen
nn	4	100.0	2350	Magnus I av Noreg
nn	5	100.0	2472	Noregs teknisk-naturvitskaplege universitet
nn	6	100.0	2588	The Beatles
nn	7	100.0	2594	Den fyrste verdskrigen
nn	8	100.0	2689	Shetlandsøyane
nn	9	100.0	2708	Yasir Arafat
nn	10	100.0	2737	Nobels fredspris
nn	11	100.0	3446	Europa
nn	12	100.0	3518	Roskilde domkyrkje
nn	13	100.0	3640	London
nn	14	100.0	3855	Danmark
nn	15	100.0	3933	Fitjar kommune
nn	16	100.0	6914	Henrik Wergeland
nn	17	100.0	7119	Kyrkje
nn	18	100.0	7721	Den store nordiske krigen
nn	19	100.0	7826	Fuglar
nn	20	100.0	8206	Marit Bjørgen
nn	21	100.0	8726	Israel
nn	22	100.0	8768	Queen
nn	23	100.0	9131	Jesus
nn	24	100.0	9202	Estland
nn	25	100.0	9675	Hund
nn	26	100.0	10570	Qatar
nn	27	100.0	10576	Saudi-Arabia
nn	28	100.0	10939	Irak
nn	29	100.0	11278	Jordan
nn	30	100.0	11303	Syria
nn	31	100.0	11307	Libanon
nn	32	100.0	11640	Dei sameinte arabiske emirata
nn	33	100.0	13879	Bahrain
nn	34	100.0	13892	Afghanistan
nn	35	100.0	14022	Gambia
nn	36	100.0	14068	Jemen
nn	37	100.0	14358	Gabon
nn	38	100.0	15355	Saint Vincent og Grenadinane
nn	39	100.0	15721	Aserbajdsjan
nn	40	100.0	15948	Iran
nn	41	100.0	18612	Haiti
nn	42	100.0	18621	Rock
nn	43	100.0	18638	Oman
nn	44	100.0	18795	Rwanda
nn	45	100.0	19426	Kuwait
nn	46	100.0	19558	Barcelona
nn	47	100.0	19614	Beirut
nn	48	100.0	19979	Jakarta
nn	49	100.0	20231	Mauritania
nn	50	100.0	20244	Senegal
no	1	100.0	331	Finland
no	2	100.0	636	Litauen
no	3	100.0	669	Eurovision Song Contest
no	4	100.0	686	Martin Luther King jr.
no	5	100.0	728	Norge
no	6	100.0	730	Norges geografi
no	7	100.0	745	Nord-Trøndelag
no	8	100.0	863	Pakistan
no	9	100.0	865	Portugal
no	10	100.0	880	Planet
no	11	100.0	920	Rwanda
no	12	100.0	2697	Jesus Kristus
no	13	100.0	2950	Norges teknisk-naturvitenskapelige universitet
no	14	100.0	3301	Andorra
no	15	100.0	3449	Solen
no	16	100.0	3516	Irland
no	17	100.0	3899	Irlands historie
no	18	100.0	4355	Vikna
no	19	100.0	5054	The Beatles
no	20	100.0	5255	Uranus
no	21	100.0	5339	Pluto
no	22	100.0	5796	Holocaust
no	23	100.0	5937	Fascisme
no	24	100.0	5975	Ukraina
no	25	100.0	6445	Nord-Korea
no	26	100.0	7118	Kärnten
no	27	100.0	7531	Første verdenskrig
no	28	100.0	7813	Jupiter
no	29	100.0	7819	Saturn
no	30	100.0	12416	Malaysia
no	31	100.0	12856	Aleksander den store
no	32	100.0	14144	Bratislava
no	33	100.0	14588	Karl III Johan
no	34	100.0	14676	Slaget ved Waterloo
no	35	100.0	15137	Konrad Adenauer
no	36	100.0	18152	Kristian Birkeland
no	37	100.0	18627	Komet
no	38	100.0	18642	Fornybar energi
no	39	100.0	20488	Titan (måne)
no	40	100.0	23449	Boeing 747
no	41	100.0	24104	Dampmaskin
no	42	100.0	24132	Kjerneenergi
no	43	100.0	26408	Karl den store
no	44	100.0	26934	Økologi
no	45	100.0	28714	Fransk Polynesia
no	46	100.0	29965	Amerikanske urfolk
no	47	100.0	34094	Nortraship
no	48	100.0	35523	Stavkirke
no	49	100.0	37292	Joachim von Ribbentrop
no	50	100.0	37696	Pyramidespill
pl	1	100.0	126	Albert Einstein
pl	2	100.0	153	Alfred Hitchcock
pl	3	100.0	291	Andrzej Wajda
pl	4	100.0	823	Cyceron
pl	5	100.0	2094	Humphrey Bogart
pl	6	100.0	2107	Homofobia
pl	7	100.0	2217	Homoseksualizm
pl	8	100.0	2336	Ingrid Bergman
pl	9	100.0	2620	Józef Stalin
pl	10	100.0	2643	Jack Nicholson
pl	11	100.0	3246	Katowice
pl	12	100.0	3322	Lech Wałęsa
pl	13	100.0	3519	Leonardo da Vinci
pl	14	100.0	4359	ORP Grom (1936)
pl	15	100.0	4360	ORP Błyskawica
pl	16	100.0	4366	ORP Burza
pl	17	100.0	4499	Platon
pl	18	100.0	4516	Piwo
pl	19	100.0	5093	Lokomotywa parowa
pl	20	100.0	5598	Spencer Tracy
pl	21	100.0	5746	Szabat
pl	22	100.0	6359	The Beatles
pl	23	100.0	6451	Uran
pl	24	100.0	6630	Wino
pl	25	100.0	6871	FSO Warszawa
pl	26	100.0	7177	Zespół nabytego niedoboru odporności
pl	27	100.0	7470	Średniowiecze
pl	28	100.0	8242	Świadkowie Jehowy
pl	29	100.0	8602	Stanisław Lem
pl	30	100.0	8974	Wódka
pl	31	100.0	9272	Madonna (piosenkarka)
pl	32	100.0	9627	Racibórz
pl	33	100.0	10057	Samobójstwo
pl	34	100.0	12777	Bazylika Grobu Świętego
pl	35	100.0	13339	Sennacheryb
pl	36	100.0	14725	Queen
pl	37	100.0	14977	Fidel Castro
pl	38	100.0	15469	Bitwa na łuku kurskim
pl	39	100.0	16136	Chomik europejski
pl	40	100.0	16285	Sobór nicejski I
pl	41	100.0	16757	Kawia domowa
pl	42	100.0	17074	Front wschodni (II wojna światowa)
pl	43	100.0	17555	Marilyn Monroe
pl	44	100.0	21435	Szpak (ptak)
pl	45	100.0	21547	Victor Hugo
pl	46	100.0	21548	Led Zeppelin
pl	47	100.0	21655	Szczepionka
pl	48	100.0	22936	Elvis Presley
pl	49	100.0	23403	Pradziad
pl	50	100.0	23560	Strzelce Opolskie
pt	1	100.0	223	América Latina
pt	2	100.0	230	Anarquismo
pt	3	100.0	232	Aquecimento global
pt	4	100.0	299	Alagoas
pt	5	100.0	309	Austrália
pt	6	100.0	392	Adolf Hitler
pt	7	100.0	404	Brasil
pt	8	100.0	432	Santos Dumont
pt	9	100.0	449	Brasília
pt	10	100.0	487	Benito Mussolini
pt	11	100.0	501	Cristianismo
pt	12	100.0	505	Cientologia
pt	13	100.0	522	China
pt	14	100.0	614	Castro Alves
pt	15	100.0	671	Debian
pt	16	100.0	672	Direito
pt	17	100.0	790	Estados Unidos
pt	18	100.0	868	Feudalismo
pt	19	100.0	920	Galileu Galilei
pt	20	100.0	987	Hans Christian Andersen
pt	21	100.0	988	Henrique I de Inglaterra
pt	22	100.0	1036	Ipatinga
pt	23	100.0	1042	Idade Média
pt	24	100.0	1099	Jesus
pt	25	100.0	1166	Luiz Inácio Lula da Silva
pt	26	100.0	1224	Mico-leão-dourado
pt	27	100.0	1241	A Igreja de Jesus Cristo dos Santos dos Últimos Dias
pt	28	100.0	1269	Samba
pt	29	100.0	1337	Nazismo
pt	30	100.0	1381	Oxigénio
pt	31	100.0	1472	Primatas
pt	32	100.0	1512	Pedro Álvares Cabral
pt	33	100.0	1560	Papa
pt	34	100.0	1628	Religião
pt	35	100.0	1769	Segunda Guerra Mundial
pt	36	100.0	1865	Tóquio
pt	37	100.0	1983	Índia
pt	38	100.0	2631	Zimbabwe
pt	39	100.0	3553	Islamismo
pt	40	100.0	3687	Império Romano
pt	41	100.0	3862	Bulgária
pt	42	100.0	3864	Turquia
pt	43	100.0	3919	Israel
pt	44	100.0	3942	Faixa de Gaza
pt	45	100.0	3998	Favela
pt	46	100.0	4006	Haiti
pt	47	100.0	4016	Malásia
pt	48	100.0	4081	Urano (planeta)
pt	49	100.0	4709	Candomblé
pt	50	100.0	4791	Tonga
ro	1	100.0	278	Nicolae Iorga
ro	2	100.0	505	Franța
ro	3	100.0	567	Italia
ro	4	100.0	1936	Cluj-Napoca
ro	5	100.0	2543	Franz Kafka
ro	6	100.0	3726	J. K. Rowling
ro	7	100.0	5368	Monaco
ro	8	100.0	6781	Bulgaria
ro	9	100.0	7531	Leu
ro	10	100.0	8747	Ceangăi
ro	11	100.0	10287	Mihail Sadoveanu
ro	12	100.0	10436	Felix Aderca
ro	13	100.0	10506	Privighetoare roșcată
ro	14	100.0	12316	Holocaust
ro	15	100.0	12667	Ștefan Luchian
ro	16	100.0	13146	Nicolae Grigorescu
ro	17	100.0	13334	Gheorghe Petrașcu
ro	18	100.0	13360	Belarus
ro	19	100.0	17468	Nikita Sergheevici Hrușciov
ro	20	100.0	17702	Republica Populară Chineză
ro	21	100.0	18359	Ronald Reagan
ro	22	100.0	20946	Metroul din București
ro	23	100.0	21196	Uranus
ro	24	100.0	23031	James Joyce
ro	25	100.0	23536	Bibliotecă
ro	26	100.0	31322	Feodor Dostoievski
ro	27	100.0	35544	Madonna
ro	28	100.0	49311	Elisabeta a II-a
ro	29	100.0	53004	Crucea Eroilor de pe Muntele Caraiman
ro	30	100.0	60979	Ganymede (satelit)
ro	31	100.0	62455	Fridtjof Nansen
ro	32	100.0	64058	Mercur (element)
ro	33	100.0	76027	Andrew Jackson
ro	34	100.0	77473	Millard Fillmore
ro	35	100.0	77705	Listă de castele din România
ro	36	100.0	77943	Abraham Lincoln
ro	37	100.0	78109	Ulysses S. Grant
ro	38	100.0	80928	Richard Nixon
ro	39	100.0	83654	Bătălia Franței
ro	40	100.0	89601	Jean Alexandru Steriadi
ro	41	100.0	90664	Bucharest Pride
ro	42	100.0	93405	Civilizația de pe Valea Indului
ro	43	100.0	102043	Giuseppe Garibaldi
ro	44	100.0	110793	Dinastia Song
ro	45	100.0	193825	Antibiotic
ro	46	100.0	207886	Octav Băncilă
ro	47	100.0	211489	Humphrey Bogart
ro	48	100.0	232037	Elefant
ro	49	100.0	233860	Sava Henția
ro	50	100.0	279318	Arjen Robben
ru	1	100.0	21	Социология
ru	2	100.0	61	Греко-персидские войны
ru	3	100.0	84	Владивосток
ru	4	100.0	522	Леший
ru	5	100.0	827	Юпитер
ru	6	100.0	834	Марс
ru	7	100.0	1108	Киев
ru	8	100.0	1132	Канада
ru	9	100.0	1222	Лейбниц, Готфрид Вильгельм
ru	10	100.0	1357	1991 год
ru	11	100.0	1366	1992 год
ru	12	100.0	1456	Достоевский, Фёдор Михайлович
ru	13	100.0	1495	Тувалу
ru	14	100.0	1715	Синтоизм
ru	15	100.0	2571	The Beatles
ru	16	100.0	2648	1958 год
ru	17	100.0	3042	Плутарх
ru	18	100.0	3673	Флаг России
ru	19	100.0	4005	Ярославль
ru	20	100.0	4220	Уран (планета)
ru	21	100.0	6254	Октавиан Август
ru	22	100.0	7471	Панк-рок
ru	23	100.0	7506	Мурманск
ru	24	100.0	7641	Гранж
ru	25	100.0	8501	Блаватская, Елена Петровна
ru	26	100.0	8697	Птицы
ru	27	100.0	8743	Млекопитающие
ru	28	100.0	8921	Моллюски
ru	29	100.0	9319	Салазар, Антониу ди
ru	30	100.0	9645	Каддафи, Муаммар
ru	31	100.0	10419	Иваново
ru	32	100.0	10670	Вологда
ru	33	100.0	10884	Ковпак, Сидор Артемьевич
ru	34	100.0	11385	Тхеравада
ru	35	100.0	11487	Челябинск
ru	36	100.0	11532	Калигула
ru	37	100.0	11795	Маккартни, Пол
ru	38	100.0	12060	Аполлон
ru	39	100.0	12137	Веспасиан
ru	40	100.0	12573	Афина
ru	41	100.0	13047	Гермес
ru	42	100.0	13656	Уфа
ru	43	100.0	13838	Гиммлер, Генрих
ru	44	100.0	13985	Каменск-Уральский
ru	45	100.0	14097	Террористический акт в Беслане
ru	46	100.0	14294	Эйлер, Леонард
ru	47	100.0	15485	Собянин, Сергей Семёнович
ru	48	100.0	16027	Ставрополь
ru	49	100.0	18760	Иерусалим
ru	50	100.0	19140	Склодовская-Кюри, Мария
sh	1	100.0	1873	Ateizam
sh	2	100.0	2091	Beograd
sh	3	100.0	2315	Grčko-perzijski ratovi
sh	4	100.0	2419	Che Guevara
sh	5	100.0	2571	Indija
sh	6	100.0	2831	Opsada Sarajeva
sh	7	100.0	2886	Hong Kong
sh	8	100.0	2890	London
sh	9	100.0	2982	Mount Everest
sh	10	100.0	3016	Srednji vijek
sh	11	100.0	3058	Prosvjetiteljstvo
sh	12	100.0	3063	Američki građanski rat
sh	13	100.0	3200	Hladni rat
sh	14	100.0	3209	Vijetnamski rat
sh	15	100.0	3210	Afgansko-sovjetski rat
sh	16	100.0	3329	Kontrola rađanja
sh	17	100.0	3350	1991
sh	18	100.0	3375	Pluton
sh	19	100.0	3376	Neptun (planeta)
sh	20	100.0	3396	Atom
sh	21	100.0	3516	DNK
sh	22	100.0	3655	Vodozemci
sh	23	100.0	3775	Rak pluća
sh	24	100.0	3795	Tuberkuloza
sh	25	100.0	3822	Gojaznost
sh	26	100.0	3830	SIDA
sh	27	100.0	4305	Teheran
sh	28	100.0	4312	Novi Zeland
sh	29	100.0	4503	Ali
sh	30	100.0	4535	Grčka mitologija
sh	31	100.0	4945	Space Shuttle
sh	32	100.0	5185	Meksiko
sh	33	100.0	5558	Južnoafrička Republika
sh	34	100.0	5572	Argentina
sh	35	100.0	5819	Brazil
sh	36	100.0	6426	Jadransko more
sh	37	100.0	7386	Maria Theresia
sh	38	100.0	7426	Franz Kafka
sh	39	100.0	7818	Meteor
sh	40	100.0	7971	Republika Srpska Krajina
sh	41	100.0	10013	Pjesma Eurovizije
sh	42	100.0	10533	Perzijski zaljev
sh	43	100.0	10713	Albanski jezik
sh	44	100.0	11219	Boston Celtics
sh	45	100.0	12052	Bitka kod Visa
sh	46	100.0	13010	Krimski rat
sh	47	100.0	16315	Kurdi
sh	48	100.0	16478	San Francisco
sh	49	100.0	17112	Foton
sh	50	100.0	18215	Savez komunista Jugoslavije
simple	1	100.0	558	Neptune
simple	2	100.0	802	Saturn
simple	3	100.0	2949	Oxygen
simple	4	100.0	3581	Schizophrenia
simple	5	100.0	4546	Ronald Reagan
simple	6	100.0	5961	Hinduism
simple	7	100.0	7683	Jimmy Carter
simple	8	100.0	8575	Nelson Mandela
simple	9	100.0	10277	Suicide
simple	10	100.0	10333	Fred Rogers
simple	11	100.0	13505	Bob Dole
simple	12	100.0	14169	Taliban
simple	13	100.0	14423	Terry Fox
simple	14	100.0	14617	Libya
simple	15	100.0	15667	Concentration camp
simple	16	100.0	19638	Boeing 737
simple	17	100.0	20367	List of Nobel Prize winners in Physiology or Medicine
simple	18	100.0	24106	Boeing 747
simple	19	100.0	30048	English Civil War
simple	20	100.0	31219	Jacqueline Kennedy Onassis
simple	21	100.0	32594	Eleanor Roosevelt
simple	22	100.0	33102	Shigeru Miyamoto
simple	23	100.0	33188	Iron Maiden
simple	24	100.0	33310	Auschwitz concentration camp
simple	25	100.0	34046	Syphilis
simple	26	100.0	34190	Rwandan genocide
simple	27	100.0	51347	Nanjing Massacre
simple	28	100.0	63654	Donald Trump
simple	29	100.0	63951	Frank Lloyd Wright
simple	30	100.0	69189	Battle of Midway
simple	31	100.0	69457	Megadeth
simple	32	100.0	83066	List of WWE personnel
simple	33	100.0	101169	History of the United States
simple	34	100.0	110134	Jackie Robinson
simple	35	100.0	110832	Ursula K. Le Guin
simple	36	100.0	117256	Ned Kelly
simple	37	100.0	117260	Ben Hall
simple	38	100.0	118025	Gout
simple	39	100.0	132980	Amy Lee
simple	40	100.0	134378	CM Punk
simple	41	100.0	139657	Anti-nuclear movement
simple	42	100.0	142002	Komodo dragon
simple	43	100.0	160380	List of British Rail modern traction locomotive classes
simple	44	100.0	178089	2020
simple	45	100.0	178201	7 July 2005 London bombings
simple	46	100.0	188998	2019
simple	47	100.0	188999	2021
simple	48	100.0	189000	2022
simple	49	100.0	220463	Deaths in 2010
simple	50	100.0	227612	Uncle Tom's Cabin
sk	1	100.0	603	Esperanto
sk	2	100.0	608	Francúzsko
sk	3	100.0	686	Slovensko
sk	4	100.0	688	Nemecko
sk	5	100.0	703	Česko
sk	6	100.0	890	Egypt
sk	7	100.0	906	Rómovia
sk	8	100.0	996	Slnečná sústava
sk	9	100.0	1025	Islam
sk	10	100.0	2645	Pink Floyd
sk	11	100.0	2651	Paríž
sk	12	100.0	2673	Bratislava – mestská časť Petržalka
sk	13	100.0	2693	Banská Bystrica
sk	14	100.0	2748	Poľsko
sk	15	100.0	2749	Rakúsko
sk	16	100.0	2753	Slovinsko
sk	17	100.0	2759	Írsko
sk	18	100.0	2767	Luxembursko
sk	19	100.0	2785	Priatelia (seriál)
sk	20	100.0	2936	Buenos Aires
sk	21	100.0	3021	Santiago (Čile)
sk	22	100.0	3023	Montevideo
sk	23	100.0	3095	Etiópia
sk	24	100.0	3156	Omán
sk	25	100.0	3332	Kanada
sk	26	100.0	3848	New York (mesto)
sk	27	100.0	4004	Izrael
sk	28	100.0	4069	Spojené kráľovstvo
sk	29	100.0	4203	Rusko
sk	30	100.0	4353	Somálsko
sk	31	100.0	4428	Byzantská ríša
sk	32	100.0	5500	Londýnske metro
sk	33	100.0	5821	Križiacka výprava
sk	34	100.0	5841	Merkúr
sk	35	100.0	5846	Hviezda
sk	36	100.0	5852	Saturn
sk	37	100.0	5859	Mars
sk	38	100.0	6115	Urán (planéta)
sk	39	100.0	6230	Slovenská republika (1939 – 1945)
sk	40	100.0	6805	Sečovce
sk	41	100.0	6819	Piešťany
sk	42	100.0	6865	Mesiac
sk	43	100.0	6941	Veľká Morava
sk	44	100.0	7248	Košice
sk	45	100.0	8289	Panda veľká
sk	46	100.0	9286	Io (mesiac)
sk	47	100.0	10330	George Washington
sk	48	100.0	10491	Dejiny Spojených štátov
sk	49	100.0	10495	Americká revolúcia
sk	50	100.0	12826	Kresťanskodemokratické hnutie
sl	1	100.0	38	Arhimed
sl	2	100.0	590	Vodik
sl	3	100.0	3592	Občina Slovenske Konjice
sl	4	100.0	4389	Japonska
sl	5	100.0	4499	Ibn Batuta
sl	6	100.0	4686	Rimsko cesarstvo
sl	7	100.0	4720	Voda
sl	8	100.0	4730	Kisik
sl	9	100.0	4766	Rusija
sl	10	100.0	4824	Ukrajina
sl	11	100.0	5212	Karantanija
sl	12	100.0	5294	Liberija
sl	13	100.0	6186	Srednja Evropa
sl	14	100.0	7564	Hongkong
sl	15	100.0	8071	Prva križarska vojna
sl	16	100.0	8128	Luna
sl	17	100.0	8223	Gorski Karabah
sl	18	100.0	8392	Makav
sl	19	100.0	8825	Pitcairnovi otoki
sl	20	100.0	9109	Fjodor Dostojevski
sl	21	100.0	9230	Aluminij
sl	22	100.0	9359	Janez Janša
sl	23	100.0	9361	John Lennon
sl	24	100.0	9413	Vladimir Lenin
sl	25	100.0	9497	Mohamed
sl	26	100.0	9528	Budizem
sl	27	100.0	9590	Sveto rimsko cesarstvo
sl	28	100.0	9717	Bizantinsko cesarstvo
sl	29	100.0	11194	Grki
sl	30	100.0	11658	Baker
sl	31	100.0	11827	Živo srebro
sl	32	100.0	12195	Zlato
sl	33	100.0	13655	Klinopis
sl	34	100.0	13799	Josif Stalin
sl	35	100.0	14277	Svinec
sl	36	100.0	15604	Osončje
sl	37	100.0	16350	Stari Egipt
sl	38	100.0	18191	Angelina Jolie
sl	39	100.0	18412	Kir II.
sl	40	100.0	19542	Tutankamon
sl	41	100.0	19638	Ehnaton
sl	42	100.0	19863	Nekropola v Gizi
sl	43	100.0	26363	Kemično orožje
sl	44	100.0	27013	Carigrad
sl	45	100.0	27855	Klavdij Galen
sl	46	100.0	28121	Peter Veliki
sl	47	100.0	28550	Fotosinteza
sl	48	100.0	28792	Arheje
sl	49	100.0	30208	Gautama Buda
sl	50	100.0	30583	Parni stroj
sr	1	100.0	897	Бугарска
sr	2	100.0	907	Бразил
sr	3	100.0	912	Авганистан
sr	4	100.0	926	Јапан
sr	5	100.0	952	Украјина
sr	6	100.0	2254	Марс
sr	7	100.0	6260	Стефан Душан
sr	8	100.0	7682	Стефан Немања
sr	9	100.0	7864	Израел
sr	10	100.0	8281	Сарајевски атентат
sr	11	100.0	8311	Кина
sr	12	100.0	8349	Ада Циганлија
sr	13	100.0	9466	Александар Велики
sr	14	100.0	9471	Елизабета II
sr	15	100.0	11162	Хилари Клинтон
sr	16	100.0	12368	Лајош I Анжујски
sr	17	100.0	12444	Александар Вучић
sr	18	100.0	14260	Канада
sr	19	100.0	14405	Литијум
sr	20	100.0	17404	Грци
sr	21	100.0	18557	Кака (фудбалер)
sr	22	100.0	21284	Венера
sr	23	100.0	24893	Торонто
sr	24	100.0	26191	Истанбул
sr	25	100.0	27523	Зеница (град)
sr	26	100.0	28599	Средњи век
sr	27	100.0	28963	Тур де Франс
sr	28	100.0	29575	Бристол
sr	29	100.0	31883	Вук
sr	30	100.0	35422	Нацистичка Њемачка
sr	31	100.0	35818	Маларија
sr	32	100.0	40075	Мрави
sr	33	100.0	43562	Геноцид над Јерменима
sr	34	100.0	66660	Бојни крсташ
sr	35	100.0	74522	Фудбалска репрезентација Њемачке
sr	36	100.0	77338	Eminem
sr	37	100.0	79049	Пад Цариграда (1453)
sr	38	100.0	79697	Грб Београда
sr	39	100.0	84367	Фудбалска репрезентација Пољске
sr	40	100.0	88155	Ратови у Југославији
sr	41	100.0	88575	Доналд Трамп
sr	42	100.0	91907	BMW
sr	43	100.0	92559	Историја Срба пре Немањића
sr	44	100.0	106318	Шефилд
sr	45	100.0	112475	Матија Корвин
sr	46	100.0	123635	Тврдокрилци
sr	47	100.0	142677	Ђиро д’Италија
sr	48	100.0	145172	Multipla skleroza
sr	49	100.0	150418	Бумбар
sr	50	100.0	152431	Галипољска кампања
sv	1	100.0	199	Buddhism
sv	2	100.0	1073	Liseberg
sv	3	100.0	1219	Muhammed
sv	4	100.0	1387	Nobelpriset
sv	5	100.0	1594	Skånes historia
sv	6	100.0	1954	The Beatles
sv	7	100.0	2817	Socialism
sv	8	100.0	2916	Pehr Hörberg
sv	9	100.0	3481	Sveriges järnvägshistoria
sv	10	100.0	3564	Karen Blixen
sv	11	100.0	3654	Augustus
sv	12	100.0	3939	Jesusomnämnandena hos Josefus
sv	13	100.0	5101	Tchad
sv	14	100.0	5588	Karl XII
sv	15	100.0	5748	Skellefteå kommun
sv	16	100.0	6217	Edith Södergran
sv	17	100.0	6341	Carl Michael Bellman
sv	18	100.0	6768	Charles Darwin
sv	19	100.0	7006	Slaget vid Narva
sv	20	100.0	7023	Svenskar
sv	21	100.0	7287	Nato
sv	22	100.0	7319	RMS Titanic
sv	23	100.0	7328	Eritrea
sv	24	100.0	7340	Kamerun
sv	25	100.0	7351	Liberia
sv	26	100.0	7386	Somalia
sv	27	100.0	7393	Tanzania
sv	28	100.0	8150	Slaget vid Breitenfeld
sv	29	100.0	8179	1991
sv	30	100.0	8450	Emma Goldman
sv	31	100.0	8454	Nero
sv	32	100.0	8625	Mary Shelley
sv	33	100.0	9114	Liberalerna
sv	34	100.0	9557	Samlag
sv	35	100.0	10829	Slaget vid Poltava
sv	36	100.0	10885	Slaget vid Svensksund
sv	37	100.0	11412	Miljöpartiet
sv	38	100.0	12094	John Churchill, hertig av Marlborough
sv	39	100.0	12444	Södertälje
sv	40	100.0	12633	Yngve Larsson
sv	41	100.0	12942	Svalbard
sv	42	100.0	13599	Gösta Ekman den äldre
sv	43	100.0	14791	Henrik VIII av England
sv	44	100.0	15105	Konservatism
sv	45	100.0	15357	Tåget över Bält
sv	46	100.0	15965	Jennifer Lopez
sv	47	100.0	20091	Elisabet I
sv	48	100.0	22072	Auguste Rodin
sv	49	100.0	23897	Vilhelm Erövraren
sv	50	100.0	24734	Tuberkulos
ta	1	100.0	21	கிறித்தோபர் கொலம்பசு
ta	2	100.0	1564	புவி
ta	3	100.0	1690	கௌதம புத்தர்
ta	4	100.0	1709	அனைத்திந்திய அண்ணா திராவிட முன்னேற்றக் கழகம்
ta	5	100.0	1802	சிந்துவெளி நாகரிகம்
ta	6	100.0	1990	மதுரை
ta	7	100.0	2000	சிங்கப்பூர்
ta	8	100.0	2253	தமிழ்நாடு
ta	9	100.0	2270	சென்னை
ta	10	100.0	2425	திருச்சிராப்பள்ளி
ta	11	100.0	2735	திருக்குறள்
ta	12	100.0	3218	ஜெர்மனி
ta	13	100.0	3723	புலி
ta	14	100.0	4469	கோயம்புத்தூர்
ta	15	100.0	4471	சுபாஷ் சந்திர போஸ்
ta	16	100.0	4637	காற்பந்தாட்டம்
ta	17	100.0	4737	அமெரிக்க ஐக்கிய நாடுகள்
ta	18	100.0	4739	ஆத்திரேலியா
ta	19	100.0	4981	பஞ்சாப் (இந்தியா)
ta	20	100.0	5074	நியூயார்க்கு நகரம்
ta	21	100.0	5490	இலங்கைத் தமிழர்
ta	22	100.0	5493	நீர்
ta	23	100.0	5589	வாசிங்டன், டி. சி.
ta	24	100.0	5738	இரண்டாம் உலகப் போர்
ta	25	100.0	5739	முதலாம் உலகப் போர்
ta	26	100.0	6024	செப்பு
ta	27	100.0	6870	நைட்ரசன்
ta	28	100.0	7072	பிலிப்பீன்சு
ta	29	100.0	7336	இங்கிலாந்து
ta	30	100.0	7418	யூலியசு சீசர்
ta	31	100.0	7561	விலங்கு
ta	32	100.0	11307	புவியிடங்காட்டி
ta	33	100.0	14004	முகலாயப் பேரரசு
ta	34	100.0	14164	பாபுர்
ta	35	100.0	16308	மங்கோலியப் பேரரசு
ta	36	100.0	17127	அட்டிலா
ta	37	100.0	17145	செங்கிஸ் கான்
ta	38	100.0	21438	செங்கோட்டை
ta	39	100.0	23415	ஒட்சிசன்
ta	40	100.0	26221	வேதி வினை
ta	41	100.0	31347	குப்தப் பேரரசு
ta	42	100.0	33760	மங்கோலியா
ta	43	100.0	36049	கோலாலம்பூர்
ta	44	100.0	38477	ஔரங்கசீப்
ta	45	100.0	42598	உரோமைப் பேரரசு
ta	46	100.0	44492	அசோகர்
ta	47	100.0	44704	மௌரியப் பேரரசு
ta	48	100.0	46369	பிரெஞ்சுப் புரட்சி
ta	49	100.0	48725	பேரரசர் அலெக்சாந்தர்
ta	50	100.0	54461	இயற்கை
th	1	100.0	749	ปรีดี พนมยงค์
th	2	100.0	823	สหรัฐ
th	3	100.0	936	ประเทศไทย
th	4	100.0	1743	ตารางธาตุ
th	5	100.0	2274	ประเทศออสเตรเลีย
th	6	100.0	2417	ประเทศญี่ปุ่น
th	7	100.0	3753	ดาวอังคาร
th	8	100.0	3875	โลก (ดาวเคราะห์)
th	9	100.0	4208	นิเวศวิทยา
th	10	100.0	4218	วิวัฒนาการของมนุษย์
th	11	100.0	5256	ประวัติศาสตร์ไทย
th	12	100.0	5333	สงครามโลกครั้งที่สอง
th	13	100.0	5513	สมเด็จพระราชินีนาถเอลิซาเบธที่ 2 แห่งสหราชอาณาจักร
th	14	100.0	5927	สตาร์ วอร์ส
th	15	100.0	6011	ดาวพลูโต
th	16	100.0	6388	พลังงานนิวเคลียร์
th	17	100.0	6799	ประเทศตองงา
th	18	100.0	7892	ประชาธิปไตย
th	19	100.0	8312	วลาดีมีร์ เลนิน
th	20	100.0	10334	อดอล์ฟ ฮิตเลอร์
th	21	100.0	10649	มะเร็ง
th	22	100.0	11437	ประวัติศาสตร์ญี่ปุ่น
th	23	100.0	12911	ไดอานา เจ้าหญิงแห่งเวลส์
th	24	100.0	13777	สโมสรฟุตบอลลิเวอร์พูล
th	25	100.0	14515	พลูโทเนียม
th	26	100.0	17616	สแตติน
th	27	100.0	19383	สถาบันเทคโนโลยีแมสซาชูเซตส์
th	28	100.0	22432	สโมสรฟุตบอลแมนเชสเตอร์ยูไนเต็ด
th	29	100.0	23258	ธงไชย แมคอินไตย์
th	30	100.0	26342	ยาปฏิชีวนะ
th	31	100.0	26648	อาร์เอ็มเอส ไททานิก
th	32	100.0	32132	อียิปต์โบราณ
th	33	100.0	32365	พายุหมุนเขตร้อน
th	34	100.0	33870	นูกูอาโลฟา
th	35	100.0	34486	การปฏิวัติทางวัฒนธรรม
th	36	100.0	37463	ประเทศกำลังพัฒนา
th	37	100.0	38822	ประเทศเซอร์เบีย
th	38	100.0	54138	ไข้หวัดใหญ่
th	39	100.0	55592	ไมเคิล แจ็กสัน
th	40	100.0	57399	สโมสรฟุตบอลบาร์เซโลนา
th	41	100.0	57614	คณะบริหารธุรกิจ มหาวิทยาลัยเกษตรศาสตร์
th	42	100.0	58901	สถานีอวกาศนานาชาติ
th	43	100.0	59294	โรคอัลไซเมอร์
th	44	100.0	62699	มาลาเรีย
th	45	100.0	75325	การคุมกำเนิด
th	46	100.0	77050	สิงคโปร์แอร์ไลน์
th	47	100.0	80450	ฮอโลคอสต์
th	48	100.0	97939	วิตามินซี
th	49	100.0	110625	บารัก โอบามา
th	50	100.0	111425	พระคเณศ
tr	1	100.0	639	Biyoloji
tr	2	100.0	691	Mustafa Kemal Atatürk
tr	3	100.0	985	Anıtkabir
tr	4	100.0	1927	Kumuklar
tr	5	100.0	1947	Zatürre
tr	6	100.0	2067	Japonya
tr	7	100.0	3203	Menenjit
tr	8	100.0	3661	Birleşik Krallık
tr	9	100.0	4275	Josef Stalin
tr	10	100.0	4289	Yunanistan
tr	11	100.0	4404	Nauru
tr	12	100.0	4632	Orta Doğu Teknik Üniversitesi
tr	13	100.0	4986	Çerkesler
tr	14	100.0	5048	Yüksek tansiyon
tr	15	100.0	5056	İbn Haldun
tr	16	100.0	5595	İsa
tr	17	100.0	5607	Antibiyotik
tr	18	100.0	5887	Trablusgarp Savaşı
tr	19	100.0	6011	Neptün
tr	20	100.0	6488	Sabahattin Ali
tr	21	100.0	7170	Sait Faik Abasıyanık
tr	22	100.0	7604	Hadis
tr	23	100.0	7935	Vincent van Gogh
tr	24	100.0	8786	I. Süleyman
tr	25	100.0	10285	Said Nursî
tr	26	100.0	11371	Ağaç serçesi
tr	27	100.0	13171	İstanbul'un Fethi
tr	28	100.0	13283	Nikola Tesla
tr	29	100.0	13585	Yarasa
tr	30	100.0	14092	Zaman (gazete)
tr	31	100.0	15272	Edgar Allan Poe
tr	32	100.0	15766	Koala
tr	33	100.0	16420	Rudolf Hess
tr	34	100.0	17626	Taksonomi (biyoloji)
tr	35	100.0	18327	Samsunspor (futbol takımı)
tr	36	100.0	20265	Kürtler
tr	37	100.0	21646	Aslan
tr	38	100.0	23169	Kaplan
tr	39	100.0	24790	Sikorsky UH-60 Black Hawk
tr	40	100.0	26546	Nasreddin Hoca
tr	41	100.0	27324	Attila
tr	42	100.0	35268	İslamcılık
tr	43	100.0	36274	Migren
tr	44	100.0	37762	Schutzstaffel
tr	45	100.0	41439	Megadeth
tr	46	100.0	42542	Southampton
tr	47	100.0	49421	Bayağı doğan
tr	48	100.0	50624	Alice in Chains
tr	49	100.0	51124	Holokost
tr	50	100.0	51911	Simpsonlar
uk	1	100.0	732	Шевченко Тарас Григорович
uk	2	100.0	1772	Юпітер (планета)
uk	3	100.0	1776	Плутон (карликова планета)
uk	4	100.0	3026	Албанія
uk	5	100.0	3029	Данія
uk	6	100.0	3037	Геноцид
uk	7	100.0	3123	Норвегія
uk	8	100.0	3154	Дніпро
uk	9	100.0	3240	Сонце
uk	10	100.0	3466	Шахи
uk	11	100.0	5663	Борщ
uk	12	100.0	6070	Європейський Союз
uk	13	100.0	6272	Озеро
uk	14	100.0	6317	Ганна Арендт
uk	15	100.0	6318	Айдахо
uk	16	100.0	6659	Африка
uk	17	100.0	6665	Атлантичний океан
uk	18	100.0	6692	Андаманське море
uk	19	100.0	6697	Баренцове море
uk	20	100.0	7160	Зіньківський район
uk	21	100.0	7302	Тувалу
uk	22	100.0	7359	Маршаллові Острови
uk	23	100.0	7369	Миклухо-Маклай Микола Миколайович
uk	24	100.0	7435	Київський метрополітен
uk	25	100.0	8343	Чумацький Шлях
uk	26	100.0	8346	Зоря
uk	27	100.0	10129	Молюски
uk	28	100.0	10144	Австралія
uk	29	100.0	10226	Алжир
uk	30	100.0	10957	Вітер
uk	31	100.0	11348	Тропічний циклон
uk	32	100.0	11702	Велике князівство Литовське
uk	33	100.0	11891	Переробка відходів
uk	34	100.0	12241	Біла Церква
uk	35	100.0	12342	Янукович Віктор Федорович
uk	36	100.0	12676	Харків
uk	37	100.0	15054	Галілео Галілей
uk	38	100.0	15127	Луцьк
uk	39	100.0	16694	Культура шнурової кераміки
uk	40	100.0	18993	Порошенко Петро Олексійович
uk	41	100.0	19008	Рельєф України
uk	42	100.0	19175	Ромни
uk	43	100.0	20217	Яким Сомко
uk	44	100.0	20585	Прага
uk	45	100.0	21000	Дубно
uk	46	100.0	23130	Роздільна
uk	47	100.0	25054	Ubuntu
uk	48	100.0	25204	Дезоксирибонуклеїнова кислота
uk	49	100.0	25553	Корабель
uk	50	100.0	25848	Манітоба
ur	1	100.0	615	تاریخ ہند
ur	2	100.0	696	اسلام
ur	3	100.0	714	عراق
ur	4	100.0	1084	اسلام آباد
ur	5	100.0	1569	مغلیہ سلطنت
ur	6	100.0	3005	لندن
ur	7	100.0	4099	حسین بن علی
ur	8	100.0	6304	اورنگزیب عالمگیر
ur	9	100.0	10491	راولپنڈی
ur	10	100.0	11205	قاہرہ
ur	11	100.0	11206	پیرس
ur	12	100.0	11623	استنبول
ur	13	100.0	11744	روم
ur	14	100.0	12240	المغرب
ur	15	100.0	12737	واشنگٹن، ڈی سی
ur	16	100.0	12874	کافی
ur	17	100.0	14682	سڈنی
ur	18	100.0	21713	واقعہ کربلا
ur	19	100.0	23285	مسجد
ur	20	100.0	39703	بینکاک
ur	21	100.0	40439	کولکاتا
ur	22	100.0	43464	لاس اینجلس
ur	23	100.0	53600	غزہ شہر
ur	24	100.0	55009	کاغذی کرنسی
ur	25	100.0	79984	عمان (شہر)
ur	26	100.0	274887	مراکش (شہر)
ur	27	100.0	320476	قدیم مصر کے سلاسل شاہی کی فہرست
ur	28	100.0	338916	رومی شہنشاہوں کی فہرست
ur	29	100.0	374920	مریخ پر پانی
ur	30	100.0	824206	ہندو مت میں خواتین
ur	31	100.0	908559	برصغیرمیں مسلم فتح
ur	32	100.0	917966	ویرماخٹ
ur	33	100.0	918698	جدید عظیم طاقتوں کی فہرست
ur	34	100.0	918860	پولینڈ-لتھوانیا دولت مشترکہ
ur	35	100.0	919150	روس پر فرانسیسی حملہ
ur	36	100.0	919283	آپریشن باربروسا
ur	37	100.0	919386	مولوتوف – ربنٹروپ معاہدہ
ur	38	100.0	919401	ہسپانوی خانہ جنگی
ur	39	100.0	919538	جرمنوں کا فرار و اخراج (1944–1950)
ur	40	100.0	919672	پہلی جنگ عظیم کے اتحادی
ur	41	100.0	919701	آرچڈیوک فرانز فرڈینینڈ کا قتل
ur	42	100.0	919894	مایا کی ہسپانوی فتح
ur	43	100.0	920032	تاریخ ریاستہائے متحدہ
ur	44	100.0	920594	خلافت علی ابن ابی طالب
ur	45	100.0	920773	تاریخ فلپائن
ur	46	100.0	921830	اسرائیل کے خارجہ تعلقات
ur	47	100.0	921867	تاریخ فلسطین
ur	48	100.0	921963	حزب اللہ مسلح طاقت
ur	49	100.0	922091	کوریا جنگ
ur	50	100.0	922258	روسی-جارجیائی جنگ
uz	1	100.0	2181	Isroil
uz	2	100.0	4175	Texas
uz	3	100.0	14059	Boku
uz	4	100.0	441797	Belgrad
uz	5	100.0	536618	Naxichevan Avtonom Respublikasi
uz	6	100.0	673716	Xodjali qirgʻini
uz	7	100.0	674621	Ozarbayjon madaniyati
uz	8	100.0	698649	Usmonlilar imperiyasidagi yahudiylar tarixi
uz	9	100.0	736836	Rochester Texnologiya instituti
uz	10	100.0	783017	Harbiy xizmatdagi bolalar
uz	11	100.0	793251	Viruslarning ijtimoiy tarixi
uz	12	100.0	821199	Afgʻonistondagi urush tarixi (2001—2021)
uz	13	100.0	956540	AQSh iqtisodiyoti
uz	14	100.0	958764	Tallin aeroporti
uz	15	100.0	982849	Ben Gurion aeroporti
uz	16	100.0	1054293	Yangi Zelandiya iqtisodiyoti
uz	17	100.0	1111175	Falastinliklar
uz	18	100.0	1118237	UEFA Yevro 2024
uz	19	99.7514	750129	Hindiston milliy futbol terma jamoasi
uz	20	99.6074	733755	Edinburg qal’asi
uz	21	99.562	720547	731-boʻlinma
uz	22	99.3651	818437	Kepler samoviy teleskopi
uz	23	99.2	20005	Makroiqtisodiyot
uz	24	99.2	488133	Iravan xonligi
uz	25	99.2	960358	Qrim tatarlari
uz	26	99.1842	777045	Havoning ifloslanishi
uz	27	99.0065	670226	Futbol boʻyicha 2016-yilgi Yevropa chempionati
uz	28	98.4158	960906	Xorvatiya milliy futbol terma jamoasi
uz	29	98.4	678169	Ozarbayjon Demokratik Respublikasi
uz	30	98.4	690411	Qitʼalararo kubok
uz	31	98.4	907957	Turkiya—Suriya zilzilasi
uz	32	98.2577	732553	Fransiya prezidentlik saylovlari (2022)
uz	33	98.2365	789131	Liz Truss
uz	34	98.233	864122	Yapon oshxonasi
uz	35	97.9898	647724	Futbol boʻyicha 1930-yilgi jahon chempionati
uz	36	97.9475	961309	1896-yilgi Yozgi Olimpiada oʻyinlari
uz	37	97.7714	611412	Amir Shohmurod
uz	38	97.7714	902423	AQShda tugʻilishni nazorat qilish harakati
uz	39	97.7709	28794	Yulduz
uz	40	97.6	769985	Yulia Tymoshenko
uz	41	97.5358	24001	Real Madrid CF
uz	42	97.4478	572536	Skopye
uz	43	97.3707	1101412	Alessandro Del Piero
uz	44	97.3217	750407	JPMorgan Chase
uz	45	97.0908	736504	Imperator Shunji
uz	46	96.9722	999772	Sufrajist ayol
uz	47	96.949	694389	Chery Automobil Co., Ltd
uz	48	96.6993	693884	Rossiya avtomobil sanoati
uz	49	96.6485	771482	Volkswagen kompaniyasi
uz	50	96.4603	646942	AFC Osiyo kubogi 2019
vi	1	100.0	853	Anh
vi	2	100.0	1387	Nguyễn Văn Thiệu
vi	3	100.0	2204	Sao Thiên Vương
vi	4	100.0	2774	Sao Hải Vương
vi	5	100.0	2816	Tam Quốc
vi	6	100.0	2849	Úc
vi	7	100.0	3136	Texas
vi	8	100.0	3723	Israel
vi	9	100.0	3755	Đức Quốc Xã
vi	10	100.0	4952	Ty thể
vi	11	100.0	5185	Thụy Sĩ
vi	12	100.0	5198	Kẽm
vi	13	100.0	5548	Fluor
vi	14	100.0	5669	Lao
vi	15	100.0	5928	Ung thư
vi	16	100.0	6323	Ấn Độ
vi	17	100.0	7277	Mặt Trăng
vi	18	100.0	7690	Stephen Hawking
vi	19	100.0	10171	Đế quốc Anh
vi	20	100.0	11680	Gia Long
vi	21	100.0	12320	Nhà Đường
vi	22	100.0	13121	Elvis Presley
vi	23	100.0	14200	Tượng Nữ thần Tự do
vi	24	100.0	15606	Động cơ diesel
vi	25	100.0	16699	Béo phì
vi	26	100.0	17468	Rock
vi	27	100.0	24992	Manchester United F.C.
vi	28	100.0	26869	Tuyên ngôn độc lập Hoa Kỳ
vi	29	100.0	27006	Napoléon Bonaparte
vi	30	100.0	27736	New Zealand
vi	31	100.0	28157	Ả Rập Xê Út
vi	32	100.0	29185	J. K. Rowling
vi	33	100.0	29198	Britney Spears
vi	34	100.0	29294	Arsenal F.C.
vi	35	100.0	29448	Tottenham Hotspur F.C.
vi	36	100.0	29599	Christina Aguilera
vi	37	100.0	30160	Malaysia
vi	38	100.0	31259	Agatha Christie
vi	39	100.0	31442	John Lennon
vi	40	100.0	31746	Sự hình thành và tiến hóa của Hệ Mặt Trời
vi	41	100.0	32033	T-54/55
vi	42	100.0	32049	Adolf Hitler
vi	43	100.0	32439	Iosif Vissarionovich Stalin
vi	44	100.0	32583	Vladimir Ilyich Lenin
vi	45	100.0	34062	Queen
vi	46	100.0	34092	Mariah Carey
vi	47	100.0	35512	Dừa
vi	48	100.0	35712	Hillary Clinton
vi	49	100.0	35811	Philippines
vi	50	100.0	36300	Winston Churchill
vo	1	100.0	779	Filosop
vo	2	100.0	6660	Matemat
vo	3	100.0	252509	Bevüslav
vo	4	100.0	254252	Lukrayänapük
vo	5	99.9984	1907	Rumän
vo	6	99.8152	6014	Jenav
vo	7	95.2524	268251	Valentün Bibik
vo	8	91.971	4753	Lordovig
vo	9	90.668	266553	Lamerikän Zänodavesüdik
vo	10	90.0	3571	Volapük nulik
vo	11	89.0909	272325	Volodümür Vünnücänko
vo	12	88.9439	272422	Lifamod balugik
vo	13	88.7406	247092	Interlingue
vo	14	88.625	272432	Feil
vo	15	88.1818	276730	Vladimir Fjodorovich Odoevskij
vo	16	87.7183	268246	Borüs Lyatojünsküy
vo	17	86.9137	251823	Yurop
vo	18	82.7273	9691	Dromaeosauridae
vo	19	81.703	268258	Valentün Sülvästrov
vo	20	81.3899	2249	Belgän
vo	21	80.927	3370	Johann Schmidt
vo	22	80.6277	268189	Süktüvkar
vo	23	80.2758	274756	Blandaren
vo	24	80.2285	268269	Müroslav Skorük
vo	25	79.0487	268174	Komiyän
vo	26	77.813	243233	Carcharodontosaurus
vo	27	77.8067	1889	Deutän
vo	28	77.3879	272318	Pavlo Skoropadsküy
vo	29	77.0245	267875	Vobapalet (Nedän)
vo	30	76.7196	268066	Süryen
vo	31	76.5836	272442	Läsya Ukrayinka
vo	32	75.9051	272375	Qärson (provin)
vo	33	75.5675	24337	Quetzalcoatlus
vo	34	75.3902	272036	Ventürs hiela Tintin
vo	35	75.2612	269415	Vobanefapalet Deutänik Netasogädimik
vo	36	74.8298	210643	Igor Stravinskiy
vo	37	74.7843	4779	Carnotaurus
vo	38	74.1327	4545	Tyrannosaurus
vo	39	74.0384	272441	Dialeg di ‚Dnistär’ löpik Lukrayänapüka
vo	40	72.9824	255652	Lintelekamalül
vo	41	72.5767	268264	Ivan Dsyuba
vo	42	72.4955	253591	Zichyújfalu
vo	43	72.3008	174574	Tatahüm Lukrayäna
vo	44	72.28	220318	Benjamin Peirce
vo	45	72.1169	268152	Lafab vönapärmik
vo	46	71.8977	272363	Petro Jeläst
vo	47	71.7635	268254	Leonid Kravcuk
vo	48	71.2044	257278	Ghil'ad Zuckermann
vo	49	71.1575	271080	Polab
vo	50	70.8499	272433	Glüg Katulik
zh	1	100.0	139	孫中山
zh	2	100.0	271	中華民國
zh	3	100.0	519	朱德
zh	4	100.0	958	秦始皇
zh	5	100.0	1125	肖申克的救赎
zh	6	100.0	1274	碱金属
zh	7	100.0	1661	汉朝
zh	8	100.0	2200	满族
zh	9	100.0	2275	刘少奇
zh	10	100.0	2458	拿破仑一世
zh	11	100.0	2736	邓小平
zh	12	100.0	2837	诸葛亮
zh	13	100.0	3031	约翰·亚当斯
zh	14	100.0	3043	詹姆斯·麦迪逊
zh	15	100.0	3105	夏朝
zh	16	100.0	3121	大韩民国
zh	17	100.0	3154	PlayStation (遊戲機)
zh	18	100.0	3579	阿根廷
zh	19	100.0	3668	叶剑英
zh	20	100.0	4330	彭德怀
zh	21	100.0	4375	约翰·济慈
zh	22	100.0	4497	贺龙
zh	23	100.0	4498	聂荣臻
zh	24	100.0	4499	陈毅
zh	25	100.0	4506	印度尼西亚
zh	26	100.0	4797	巴勃罗·聂鲁达
zh	27	100.0	5158	钙
zh	28	100.0	5284	七七事变
zh	29	100.0	5431	路德维希·维特根斯坦
zh	30	100.0	5606	第一次鸦片战争
zh	31	100.0	6221	宋美齡
zh	32	100.0	6822	商朝
zh	33	100.0	6837	周朝
zh	34	100.0	7481	马王堆汉墓
zh	35	100.0	8256	理查德·尼克松
zh	36	100.0	8299	福州市
zh	37	100.0	8339	詹姆斯·克拉克·麦克斯韦
zh	38	100.0	8467	约翰·塞巴斯蒂安·巴赫
zh	39	100.0	9186	納粹德國
zh	40	100.0	9500	冷战
zh	41	100.0	9595	沈括
zh	42	100.0	9989	朝鲜王朝
zh	43	100.0	10111	盧武鉉
zh	44	100.0	10634	欧阳修
zh	45	100.0	11313	安德鲁·杰克逊
zh	46	100.0	11589	白崇禧
zh	47	100.0	11743	胡耀邦
zh	48	100.0	11809	古琴
zh	49	100.0	11866	中世纪
zh	50	100.0	12204	南非
zh-min-nan	1	100.0	1108	Tiong-hôa Jîn-bîn Kiōng-hô-kok
zh-min-nan	2	100.0	6822	Tâi-oân Bîn-chú-kok
zh-min-nan	3	100.0	7566	Chhùi-khí ê hoat-io̍k
zh-min-nan	4	100.0	9280	Téng-ham éng-kiú chiàⁿ-mn̂g-khí
zh-min-nan	5	100.0	407547	Jia̍t-lân-jia Siâⁿ Pau-ûi-chiàn
zh-min-nan	6	100.0	466341	Taksin
zh-min-nan	7	100.0	1074471	Ingenuity ti̍t-seng-ki
zh-min-nan	8	100.0	1079756	Siang-khiok hâm-sò͘
zh-min-nan	9	100.0	1080320	Siōng-hái kuí-tō kau-thong 4-hō sòaⁿ
zh-min-nan	10	100.0	1080599	Milo ê Venus
zh-min-nan	11	96.9887	1083302	Ɯ
zh-min-nan	12	96.6667	1086681	Khu Hông-kah
zh-min-nan	13	96.0	94	Tōng-bu̍t
zh-min-nan	14	96.0	672414	Eng-lân kun-chú lia̍t-toaⁿ
zh-min-nan	15	96.0	1074048	F-16 chiàn-sún chiàn-tiò-ki
zh-min-nan	16	93.3333	1715	Ìn-nî
zh-min-nan	17	93.1403	1074431	Perseverance hóe-chheⁿ-chhia
zh-min-nan	18	92.3425	1080614	Bayraktar TB2
zh-min-nan	19	92.0	1082158	FIM-92 Stinger
zh-min-nan	20	92.0	1083374	Roketsan kong-si
zh-min-nan	21	91.4655	10156	Texas
zh-min-nan	22	91.1763	1078599	Tn̂g-chio̍h
zh-min-nan	23	90.9816	34626	Alkane
zh-min-nan	24	90.8854	774128	2020 nî Tâi-oân chóng-thóng sóan-kí
zh-min-nan	25	90.7971	1077888	Kazakh jī-bió
zh-min-nan	26	90.6721	824	Tâi-oân
zh-min-nan	27	90.5761	1602	Kha-kiû
zh-min-nan	28	90.0	900	Chiù-khí
zh-min-nan	29	90.0	1022244	Tâi-tiong Chia̍t-ūn Le̍k-sòaⁿ
zh-min-nan	30	89.4728	12244	New Mexico
zh-min-nan	31	89.4586	9393	Pa-lí
zh-min-nan	32	89.3832	10065	Nevada
zh-min-nan	33	89.3269	1617	Tâi-oân-ōe
zh-min-nan	34	89.3065	1084125	He̍k tiān-tî
zh-min-nan	35	89.2657	12481	Baden-Württemberg
zh-min-nan	36	89.1851	16076	Jeanne d'Arc
zh-min-nan	37	88.92	1079848	Düsseldorf hōe-ōe ha̍k-hāu
zh-min-nan	38	88.2838	10054	Kansas
zh-min-nan	39	88.176	10066	Nebraska
zh-min-nan	40	88.1335	2998	Pat-kòa (tōng-bu̍t)
zh-min-nan	41	88.1162	12256	Tennessee
zh-min-nan	42	88.0206	8414	O͘-sek
zh-min-nan	43	87.6457	12250	West Virginia
zh-min-nan	44	87.5238	17080	Bí-kim
zh-min-nan	45	87.3007	10061	Minnesota
zh-min-nan	46	87.2543	1083838	İstanbul ki-tiûⁿ
zh-min-nan	47	87.0765	1078201	Bí-kok chèng-koàn kau-e̍k uí-oân-hōe
zh-min-nan	48	86.9017	8548	A-lú-mih
zh-min-nan	49	86.1485	12249	Oklahoma
zh-min-nan	50	86.0	477886	Central Soàⁿ (Lûn-tun Tē-thih)
